tracking_id,source,campaign,influencer_id,user_id,product,date,orders,revenue
T0001,TikTok,GZ_Campaign_5,INF026,U0238,MB Protein,2025-06-03,5,2275
T0002,TikTok,MB_Campaign_4,INF030,U0069,Omega3,2025-06-21,5,3860
T0003,YouTube,HK_Campaign_4,INF020,U0314,Whey Isolate,2025-06-19,4,3044
T0004,YouTube,MB_Campaign_4,INF015,U0231,Gritzo Shake,2025-06-30,2,966
T0005,Twitter,GZ_Campaign_4,INF025,U0321,HK Multivitamin,2025-07-22,3,1950
T0006,Instagram,GZ_Campaign_3,INF003,U0121,Gritzo Shake,2025-05-24,3,1581
T0007,TikTok,GZ_Campaign_1,INF029,U0071,HK Multivitamin,2025-05-28,2,1184
T0008,YouTube,MB_Campaign_2,INF023,U0033,Omega3,2025-07-20,4,2152
T0009,YouTube,HK_Campaign_4,INF018,U0032,HK Multivitamin,2025-06-03,4,2392
T0010,TikTok,GZ_Campaign_1,INF029,U0439,Whey Isolate,2025-06-11,4,2752
T0011,Twitter,HK_Campaign_3,INF001,U0386,Omega3,2025-06-30,4,3004
T0012,Twitter,GZ_Campaign_5,INF024,U0410,Whey Isolate,2025-06-25,2,1398
T0013,TikTok,HK_Campaign_4,INF008,U0249,MB Protein,2025-06-17,4,2176
T0014,YouTube,GZ_Campaign_4,INF022,U0371,HK Multivitamin,2025-06-05,4,1320
T0015,YouTube,GZ_Campaign_1,INF020,U0465,Omega3,2025-06-21,5,3885
T0016,YouTube,MB_Campaign_1,INF022,U0330,Omega3,2025-05-30,2,1344
T0017,TikTok,MB_Campaign_3,INF006,U0195,Gritzo Shake,2025-06-07,2,1330
T0018,Twitter,HK_Campaign_4,INF011,U0143,Omega3,2025-06-12,3,849
T0019,Instagram,MB_Campaign_5,INF016,U0027,Gritzo Shake,2025-07-18,2,540
T0020,Twitter,GZ_Campaign_1,INF025,U0387,MB Protein,2025-07-09,2,808
T0021,Twitter,MB_Campaign_5,INF027,U0079,HK Multivitamin,2025-06-30,2,1368
T0022,YouTube,MB_Campaign_5,INF022,U0486,HK Multivitamin,2025-07-16,4,1848
T0023,Twitter,HK_Campaign_2,INF025,U0311,Whey Isolate,2025-07-08,1,367
T0024,TikTok,MB_Campaign_5,INF010,U0014,Gritzo Shake,2025-06-24,5,2920
T0025,Twitter,GZ_Campaign_2,INF013,U0039,Whey Isolate,2025-06-19,2,608
T0026,YouTube,HK_Campaign_5,INF023,U0413,MB Protein,2025-05-29,5,1210
T0027,Instagram,GZ_Campaign_4,INF012,U0339,Gritzo Shake,2025-06-24,1,718
T0028,Twitter,HK_Campaign_1,INF021,U0435,Omega3,2025-06-15,4,1232
T0029,YouTube,HK_Campaign_4,INF014,U0363,HK Multivitamin,2025-07-12,4,1520
T0030,Twitter,GZ_Campaign_3,INF024,U0316,Whey Isolate,2025-07-03,4,2704
T0031,YouTube,GZ_Campaign_5,INF014,U0138,Gritzo Shake,2025-06-02,2,576
T0032,YouTube,HK_Campaign_2,INF009,U0385,Omega3,2025-05-26,5,2940
T0033,Twitter,MB_Campaign_4,INF011,U0436,Gritzo Shake,2025-07-10,2,1398
T0034,Twitter,HK_Campaign_3,INF007,U0175,Gritzo Shake,2025-07-13,5,2410
T0035,YouTube,MB_Campaign_5,INF018,U0486,HK Multivitamin,2025-06-15,1,447
T0036,Twitter,HK_Campaign_4,INF024,U0285,HK Multivitamin,2025-07-07,4,2808
T0037,YouTube,MB_Campaign_1,INF015,U0151,HK Multivitamin,2025-05-28,4,1796
T0038,TikTok,GZ_Campaign_5,INF010,U0189,Omega3,2025-06-21,5,3715
T0039,Instagram,HK_Campaign_5,INF012,U0170,Gritzo Shake,2025-05-25,4,1908
T0040,TikTok,HK_Campaign_2,INF010,U0062,HK Multivitamin,2025-05-24,3,966
T0041,Twitter,GZ_Campaign_2,INF024,U0099,HK Multivitamin,2025-06-09,4,1932
T0042,Twitter,GZ_Campaign_5,INF024,U0306,Gritzo Shake,2025-06-16,1,398
T0043,TikTok,MB_Campaign_3,INF010,U0092,Gritzo Shake,2025-06-19,1,746
T0044,Instagram,HK_Campaign_1,INF005,U0499,MB Protein,2025-07-06,5,2495
T0045,YouTube,MB_Campaign_4,INF023,U0053,MB Protein,2025-07-07,5,2455
T0046,Instagram,HK_Campaign_4,INF016,U0175,HK Multivitamin,2025-06-23,1,458
T0047,Twitter,HK_Campaign_1,INF028,U0421,MB Protein,2025-06-18,4,2812
T0048,Instagram,GZ_Campaign_1,INF003,U0078,HK Multivitamin,2025-06-10,5,2555
T0049,Instagram,MB_Campaign_1,INF003,U0286,Omega3,2025-06-22,5,2155
T0050,Twitter,GZ_Campaign_4,INF025,U0231,Omega3,2025-07-07,3,1917
T0051,TikTok,GZ_Campaign_5,INF010,U0031,Whey Isolate,2025-07-02,1,412
T0052,Twitter,MB_Campaign_3,INF021,U0339,MB Protein,2025-07-01,2,890
T0053,TikTok,GZ_Campaign_1,INF006,U0081,MB Protein,2025-07-18,4,2644
T0054,YouTube,GZ_Campaign_4,INF023,U0150,MB Protein,2025-06-09,2,990
T0055,YouTube,HK_Campaign_4,INF023,U0037,HK Multivitamin,2025-06-22,3,1206
T0056,YouTube,MB_Campaign_5,INF014,U0116,HK Multivitamin,2025-07-17,3,1035
T0057,Instagram,MB_Campaign_2,INF003,U0406,Gritzo Shake,2025-07-21,5,3910
T0058,TikTok,HK_Campaign_4,INF030,U0064,Omega3,2025-06-07,3,1836
T0059,YouTube,GZ_Campaign_5,INF009,U0253,Omega3,2025-05-24,1,240
T0060,TikTok,HK_Campaign_3,INF029,U0310,Gritzo Shake,2025-06-11,1,293
T0061,TikTok,GZ_Campaign_5,INF008,U0301,MB Protein,2025-06-13,3,2370
T0062,Instagram,MB_Campaign_4,INF002,U0266,Omega3,2025-07-10,3,1155
T0063,Instagram,HK_Campaign_4,INF019,U0497,MB Protein,2025-06-12,4,2224
T0064,YouTube,HK_Campaign_3,INF014,U0344,MB Protein,2025-07-10,2,1074
T0065,YouTube,GZ_Campaign_4,INF014,U0148,Omega3,2025-05-27,5,1185
T0066,YouTube,MB_Campaign_3,INF015,U0130,Gritzo Shake,2025-06-15,1,613
T0067,Twitter,GZ_Campaign_1,INF028,U0337,Whey Isolate,2025-06-29,4,2492
T0068,Instagram,MB_Campaign_5,INF002,U0186,Whey Isolate,2025-05-29,4,2608
T0069,Twitter,MB_Campaign_2,INF025,U0137,Whey Isolate,2025-07-12,2,988
T0070,YouTube,GZ_Campaign_4,INF015,U0063,MB Protein,2025-07-20,5,2225
T0071,YouTube,MB_Campaign_3,INF023,U0283,MB Protein,2025-07-02,5,3085
T0072,Instagram,MB_Campaign_1,INF003,U0237,MB Protein,2025-06-16,2,1420
T0073,TikTok,GZ_Campaign_3,INF030,U0261,Gritzo Shake,2025-05-25,4,2776
T0074,Instagram,MB_Campaign_4,INF016,U0283,HK Multivitamin,2025-06-29,4,1580
T0075,TikTok,GZ_Campaign_5,INF030,U0383,HK Multivitamin,2025-06-07,1,482
T0076,Twitter,HK_Campaign_3,INF025,U0479,Whey Isolate,2025-06-16,3,606
T0077,TikTok,GZ_Campaign_3,INF010,U0429,Whey Isolate,2025-06-24,5,3505
T0078,Twitter,MB_Campaign_4,INF028,U0276,Omega3,2025-05-28,3,1620
T0079,YouTube,GZ_Campaign_4,INF018,U0234,Gritzo Shake,2025-06-29,2,888
T0080,Instagram,HK_Campaign_2,INF019,U0439,Omega3,2025-07-18,1,525
T0081,Twitter,HK_Campaign_4,INF024,U0198,HK Multivitamin,2025-05-24,4,948
T0082,Instagram,GZ_Campaign_5,INF005,U0170,MB Protein,2025-06-29,4,1208
T0083,Twitter,HK_Campaign_1,INF017,U0370,HK Multivitamin,2025-07-07,4,1432
T0084,Instagram,HK_Campaign_3,INF003,U0174,Whey Isolate,2025-06-13,4,1128
T0085,Twitter,HK_Campaign_5,INF028,U0195,Gritzo Shake,2025-07-22,4,3016
T0086,Instagram,GZ_Campaign_1,INF002,U0121,Gritzo Shake,2025-07-19,2,584
T0087,YouTube,MB_Campaign_1,INF014,U0228,HK Multivitamin,2025-06-18,3,687
T0088,Instagram,HK_Campaign_1,INF002,U0151,Gritzo Shake,2025-07-06,3,1923
T0089,Instagram,MB_Campaign_5,INF005,U0211,Whey Isolate,2025-06-03,2,748
T0090,TikTok,MB_Campaign_5,INF006,U0446,Omega3,2025-06-28,5,2230
T0091,Instagram,GZ_Campaign_2,INF016,U0119,Omega3,2025-06-23,3,2010
T0092,YouTube,GZ_Campaign_1,INF009,U0461,Omega3,2025-06-14,3,2277
T0093,TikTok,MB_Campaign_4,INF006,U0484,Gritzo Shake,2025-07-12,5,2530
T0094,Twitter,HK_Campaign_3,INF021,U0234,Gritzo Shake,2025-06-16,2,1186
T0095,Twitter,HK_Campaign_1,INF028,U0122,Omega3,2025-06-23,5,2835
T0096,Instagram,HK_Campaign_3,INF019,U0012,Omega3,2025-06-20,3,624
T0097,Instagram,GZ_Campaign_1,INF019,U0467,Whey Isolate,2025-07-08,4,1972
T0098,Twitter,MB_Campaign_5,INF025,U0411,Gritzo Shake,2025-06-10,2,788
T0099,YouTube,HK_Campaign_2,INF020,U0322,MB Protein,2025-07-14,1,516
T0100,TikTok,HK_Campaign_1,INF026,U0297,Gritzo Shake,2025-07-01,2,584
T0101,TikTok,HK_Campaign_3,INF030,U0383,Omega3,2025-06-13,2,810
T0102,Instagram,GZ_Campaign_3,INF005,U0272,Whey Isolate,2025-06-09,3,1104
T0103,YouTube,HK_Campaign_3,INF009,U0383,Gritzo Shake,2025-06-07,1,679
T0104,Instagram,MB_Campaign_2,INF003,U0441,Omega3,2025-05-27,5,2870
T0105,Instagram,HK_Campaign_1,INF003,U0136,Whey Isolate,2025-06-09,1,665
T0106,Instagram,GZ_Campaign_3,INF012,U0300,Omega3,2025-07-13,3,930
T0107,YouTube,MB_Campaign_4,INF022,U0013,Whey Isolate,2025-07-15,5,2675
T0108,TikTok,GZ_Campaign_2,INF030,U0332,MB Protein,2025-06-23,4,2036
T0109,Twitter,HK_Campaign_1,INF021,U0072,MB Protein,2025-06-16,1,511
T0110,Instagram,MB_Campaign_1,INF016,U0121,Whey Isolate,2025-06-29,2,1194
T0111,YouTube,HK_Campaign_5,INF015,U0215,Whey Isolate,2025-07-16,2,1248
T0112,Twitter,MB_Campaign_4,INF021,U0316,Omega3,2025-07-21,3,699
T0113,YouTube,HK_Campaign_2,INF023,U0228,Omega3,2025-07-21,2,1142
T0114,Instagram,GZ_Campaign_3,INF004,U0279,Gritzo Shake,2025-06-30,1,607
T0115,YouTube,MB_Campaign_1,INF009,U0486,Omega3,2025-06-19,1,417
T0116,Twitter,GZ_Campaign_5,INF021,U0498,MB Protein,2025-06-13,1,541
T0117,TikTok,MB_Campaign_5,INF008,U0106,MB Protein,2025-06-19,5,2060
T0118,Instagram,MB_Campaign_2,INF019,U0169,HK Multivitamin,2025-07-09,5,1010
T0119,YouTube,MB_Campaign_2,INF009,U0277,Gritzo Shake,2025-06-05,2,624
T0120,YouTube,MB_Campaign_2,INF022,U0008,Gritzo Shake,2025-06-18,2,1062
T0121,Twitter,MB_Campaign_3,INF001,U0027,HK Multivitamin,2025-06-03,4,2952
T0122,Instagram,GZ_Campaign_1,INF004,U0244,Omega3,2025-07-12,3,2175
T0123,Instagram,MB_Campaign_4,INF019,U0258,HK Multivitamin,2025-06-03,5,1220
T0124,Twitter,GZ_Campaign_5,INF024,U0155,Omega3,2025-05-26,1,262
T0125,Instagram,HK_Campaign_4,INF016,U0352,MB Protein,2025-06-18,4,2616
T0126,Instagram,MB_Campaign_3,INF003,U0312,HK Multivitamin,2025-06-14,1,329
T0127,YouTube,GZ_Campaign_5,INF009,U0281,Gritzo Shake,2025-07-21,4,2972
T0128,TikTok,HK_Campaign_5,INF010,U0310,Omega3,2025-05-29,1,317
T0129,Twitter,GZ_Campaign_5,INF028,U0370,HK Multivitamin,2025-06-23,4,2648
T0130,TikTok,MB_Campaign_4,INF029,U0174,Omega3,2025-07-08,4,2500
T0131,Twitter,MB_Campaign_3,INF024,U0219,Gritzo Shake,2025-07-02,3,1749
T0132,Instagram,GZ_Campaign_4,INF005,U0035,MB Protein,2025-06-06,1,295
T0133,YouTube,MB_Campaign_3,INF014,U0416,HK Multivitamin,2025-05-25,5,1305
T0134,Instagram,GZ_Campaign_5,INF019,U0169,MB Protein,2025-07-15,4,2248
T0135,Twitter,GZ_Campaign_4,INF028,U0445,MB Protein,2025-06-24,3,1557
T0136,Instagram,MB_Campaign_5,INF012,U0260,HK Multivitamin,2025-06-17,2,1386
T0137,TikTok,MB_Campaign_3,INF008,U0433,Whey Isolate,2025-07-22,3,951
T0138,Twitter,HK_Campaign_5,INF025,U0116,Omega3,2025-06-14,5,3850
T0139,Twitter,GZ_Campaign_3,INF001,U0015,HK Multivitamin,2025-06-30,3,1548
T0140,TikTok,HK_Campaign_3,INF030,U0004,HK Multivitamin,2025-06-19,2,1558
T0141,YouTube,HK_Campaign_1,INF022,U0073,MB Protein,2025-06-27,1,743
T0142,Twitter,HK_Campaign_4,INF007,U0233,Gritzo Shake,2025-07-13,2,1156
T0143,TikTok,GZ_Campaign_3,INF010,U0398,Whey Isolate,2025-07-12,5,1430
T0144,TikTok,MB_Campaign_2,INF029,U0081,Whey Isolate,2025-06-09,1,283
T0145,YouTube,HK_Campaign_4,INF009,U0249,Whey Isolate,2025-07-17,4,2496
T0146,YouTube,MB_Campaign_5,INF009,U0059,Gritzo Shake,2025-07-09,4,1252
T0147,TikTok,GZ_Campaign_5,INF010,U0250,Whey Isolate,2025-07-16,3,738
T0148,TikTok,HK_Campaign_5,INF008,U0029,MB Protein,2025-06-04,2,1016
T0149,Twitter,MB_Campaign_3,INF007,U0149,Gritzo Shake,2025-07-02,1,207
T0150,Instagram,GZ_Campaign_4,INF016,U0090,HK Multivitamin,2025-06-25,4,2980
T0151,YouTube,MB_Campaign_5,INF023,U0287,Gritzo Shake,2025-06-10,1,606
T0152,Twitter,GZ_Campaign_1,INF028,U0224,MB Protein,2025-07-15,4,1116
T0153,Twitter,HK_Campaign_5,INF028,U0220,Whey Isolate,2025-06-09,4,2508
T0154,TikTok,MB_Campaign_4,INF010,U0011,Gritzo Shake,2025-07-20,2,1342
T0155,Twitter,GZ_Campaign_3,INF027,U0046,Omega3,2025-05-24,1,449
T0156,YouTube,GZ_Campaign_4,INF014,U0269,MB Protein,2025-06-16,4,2068
T0157,Twitter,HK_Campaign_2,INF024,U0171,HK Multivitamin,2025-06-16,1,722
T0158,Twitter,MB_Campaign_5,INF021,U0262,HK Multivitamin,2025-06-03,3,1677
T0159,Twitter,GZ_Campaign_2,INF024,U0121,MB Protein,2025-06-29,2,924
T0160,Twitter,MB_Campaign_5,INF007,U0079,MB Protein,2025-07-11,2,1410
T0161,YouTube,GZ_Campaign_5,INF015,U0230,Whey Isolate,2025-07-22,5,2650
T0162,Twitter,GZ_Campaign_3,INF028,U0078,Omega3,2025-07-13,1,680
T0163,YouTube,GZ_Campaign_3,INF015,U0408,Gritzo Shake,2025-07-19,5,1285
T0164,Instagram,GZ_Campaign_1,INF012,U0159,Omega3,2025-07-11,4,952
T0165,Instagram,HK_Campaign_3,INF002,U0040,MB Protein,2025-06-02,5,3595
T0166,Twitter,HK_Campaign_5,INF013,U0284,MB Protein,2025-06-12,4,3140
T0167,Twitter,MB_Campaign_3,INF021,U0310,Omega3,2025-07-11,5,1770
T0168,Instagram,HK_Campaign_1,INF002,U0416,Gritzo Shake,2025-06-11,1,716
T0169,Twitter,MB_Campaign_1,INF021,U0127,Omega3,2025-06-12,4,2944
T0170,Twitter,GZ_Campaign_2,INF017,U0187,Gritzo Shake,2025-07-08,3,1788
T0171,YouTube,HK_Campaign_5,INF014,U0027,Gritzo Shake,2025-07-03,1,537
T0172,Instagram,GZ_Campaign_4,INF004,U0146,Gritzo Shake,2025-06-20,5,1765
T0173,Twitter,MB_Campaign_5,INF011,U0340,HK Multivitamin,2025-07-07,3,1551
T0174,Twitter,GZ_Campaign_4,INF021,U0067,Whey Isolate,2025-05-27,1,517
T0175,YouTube,HK_Campaign_3,INF018,U0417,HK Multivitamin,2025-06-25,5,1475
T0176,Twitter,GZ_Campaign_4,INF021,U0261,Gritzo Shake,2025-06-17,1,571
T0177,TikTok,MB_Campaign_2,INF010,U0175,Omega3,2025-07-21,2,862
T0178,Instagram,MB_Campaign_1,INF005,U0152,MB Protein,2025-07-15,5,3760
T0179,Twitter,GZ_Campaign_5,INF027,U0020,Gritzo Shake,2025-06-13,5,1670
T0180,YouTube,HK_Campaign_2,INF020,U0084,HK Multivitamin,2025-06-16,5,1845
T0181,Twitter,HK_Campaign_1,INF024,U0211,Gritzo Shake,2025-06-30,2,1308
T0182,YouTube,HK_Campaign_4,INF020,U0120,Whey Isolate,2025-07-01,2,1032
T0183,TikTok,HK_Campaign_2,INF026,U0189,Whey Isolate,2025-07-09,4,2688
T0184,Twitter,HK_Campaign_4,INF025,U0258,Whey Isolate,2025-06-11,4,1460
T0185,Twitter,MB_Campaign_5,INF027,U0071,Gritzo Shake,2025-06-29,1,692
T0186,Twitter,HK_Campaign_5,INF028,U0479,MB Protein,2025-06-03,5,1635
T0187,TikTok,MB_Campaign_2,INF010,U0140,Omega3,2025-06-16,5,1750
T0188,Twitter,HK_Campaign_1,INF027,U0485,HK Multivitamin,2025-07-03,4,2228
T0189,TikTok,MB_Campaign_4,INF030,U0028,Omega3,2025-06-08,5,2910
T0190,TikTok,HK_Campaign_1,INF008,U0192,HK Multivitamin,2025-07-08,1,526
T0191,TikTok,MB_Campaign_3,INF030,U0406,HK Multivitamin,2025-06-29,2,478
T0192,TikTok,HK_Campaign_2,INF010,U0389,Omega3,2025-07-12,4,820
T0193,TikTok,MB_Campaign_1,INF029,U0132,HK Multivitamin,2025-06-20,2,1522
T0194,Twitter,GZ_Campaign_5,INF024,U0217,MB Protein,2025-07-17,3,1329
T0195,TikTok,MB_Campaign_1,INF010,U0123,Omega3,2025-05-27,5,3340
T0196,Instagram,MB_Campaign_4,INF003,U0306,Whey Isolate,2025-07-18,1,727
T0197,Instagram,MB_Campaign_2,INF019,U0150,Omega3,2025-07-06,1,561
T0198,TikTok,GZ_Campaign_4,INF008,U0096,MB Protein,2025-07-07,5,2845
T0199,Instagram,GZ_Campaign_5,INF003,U0260,Whey Isolate,2025-06-09,5,1100
T0200,Twitter,HK_Campaign_1,INF013,U0326,Omega3,2025-06-11,3,1377
T0201,Twitter,MB_Campaign_3,INF024,U0404,MB Protein,2025-07-10,3,1338
T0202,Twitter,GZ_Campaign_1,INF024,U0396,Whey Isolate,2025-06-09,3,1008
T0203,Instagram,HK_Campaign_5,INF002,U0174,HK Multivitamin,2025-07-20,4,2760
T0204,Twitter,MB_Campaign_2,INF021,U0033,Omega3,2025-07-17,1,500
T0205,Twitter,MB_Campaign_2,INF007,U0454,MB Protein,2025-07-17,3,1551
T0206,Twitter,HK_Campaign_5,INF017,U0243,Gritzo Shake,2025-07-21,1,395
T0207,TikTok,HK_Campaign_1,INF010,U0444,Gritzo Shake,2025-06-11,3,981
T0208,TikTok,HK_Campaign_4,INF026,U0456,Omega3,2025-07-05,4,2380
T0209,Twitter,MB_Campaign_4,INF011,U0355,Omega3,2025-07-01,3,2193
T0210,YouTube,MB_Campaign_4,INF009,U0041,Omega3,2025-05-28,5,1920
T0211,YouTube,HK_Campaign_3,INF018,U0053,MB Protein,2025-06-26,3,1506
T0212,TikTok,HK_Campaign_5,INF010,U0368,Omega3,2025-05-31,2,1308
T0213,Instagram,HK_Campaign_1,INF012,U0373,Gritzo Shake,2025-06-01,5,3225
T0214,YouTube,GZ_Campaign_1,INF009,U0039,Omega3,2025-06-04,3,2175
T0215,TikTok,GZ_Campaign_2,INF026,U0488,MB Protein,2025-07-22,2,1296
T0216,Instagram,MB_Campaign_1,INF002,U0121,Gritzo Shake,2025-06-18,3,1776
T0217,Instagram,MB_Campaign_5,INF019,U0079,Omega3,2025-06-24,3,1740
T0218,YouTube,MB_Campaign_5,INF015,U0071,Whey Isolate,2025-06-18,3,1821
T0219,Twitter,GZ_Campaign_3,INF011,U0128,MB Protein,2025-06-07,1,390
T0220,Instagram,GZ_Campaign_4,INF016,U0468,Whey Isolate,2025-07-21,1,468
T0221,Twitter,HK_Campaign_4,INF025,U0110,Whey Isolate,2025-06-07,3,2106
T0222,Twitter,MB_Campaign_2,INF007,U0437,MB Protein,2025-05-26,4,1504
T0223,TikTok,GZ_Campaign_4,INF029,U0045,Gritzo Shake,2025-05-24,3,798
T0224,YouTube,GZ_Campaign_3,INF018,U0457,Gritzo Shake,2025-06-10,2,756
T0225,TikTok,HK_Campaign_5,INF026,U0115,MB Protein,2025-07-01,2,684
T0226,TikTok,HK_Campaign_1,INF008,U0185,Whey Isolate,2025-07-08,5,2885
T0227,YouTube,GZ_Campaign_2,INF015,U0314,MB Protein,2025-05-30,1,516
T0228,Twitter,GZ_Campaign_4,INF013,U0270,Omega3,2025-05-25,4,3152
T0229,Instagram,MB_Campaign_3,INF003,U0329,MB Protein,2025-06-26,4,2708
T0230,YouTube,GZ_Campaign_3,INF022,U0066,Whey Isolate,2025-06-24,5,1930
T0231,Twitter,MB_Campaign_4,INF025,U0258,MB Protein,2025-06-01,1,730
T0232,Instagram,HK_Campaign_2,INF005,U0083,Gritzo Shake,2025-07-21,2,1108
T0233,Twitter,HK_Campaign_1,INF017,U0129,HK Multivitamin,2025-07-07,5,2405
T0234,Instagram,GZ_Campaign_3,INF005,U0315,Whey Isolate,2025-05-31,1,714
T0235,Twitter,MB_Campaign_5,INF021,U0483,Whey Isolate,2025-06-21,2,750
T0236,YouTube,GZ_Campaign_5,INF022,U0173,Whey Isolate,2025-06-14,1,229
T0237,Instagram,MB_Campaign_5,INF003,U0136,HK Multivitamin,2025-05-26,5,3130
T0238,YouTube,GZ_Campaign_1,INF020,U0255,Whey Isolate,2025-06-21,3,1527
T0239,Instagram,MB_Campaign_4,INF016,U0153,Omega3,2025-06-23,1,261
T0240,TikTok,HK_Campaign_4,INF006,U0248,Omega3,2025-05-30,2,1096
T0241,YouTube,MB_Campaign_3,INF020,U0442,Gritzo Shake,2025-05-30,3,1824
T0242,Instagram,HK_Campaign_5,INF005,U0288,MB Protein,2025-07-07,3,1341
T0243,YouTube,MB_Campaign_3,INF015,U0231,HK Multivitamin,2025-06-22,2,598
T0244,Instagram,HK_Campaign_4,INF002,U0443,Whey Isolate,2025-07-05,4,1816
T0245,Twitter,MB_Campaign_3,INF028,U0479,Whey Isolate,2025-06-21,3,1182
T0246,Twitter,MB_Campaign_4,INF025,U0264,Omega3,2025-07-09,4,2060
T0247,Instagram,MB_Campaign_1,INF016,U0484,Omega3,2025-06-28,5,3340
T0248,TikTok,MB_Campaign_5,INF008,U0181,MB Protein,2025-06-16,1,488
T0249,Instagram,GZ_Campaign_4,INF016,U0147,Whey Isolate,2025-07-10,1,310
T0250,YouTube,MB_Campaign_3,INF014,U0373,Gritzo Shake,2025-06-21,4,2296
T0251,Instagram,HK_Campaign_1,INF002,U0292,Whey Isolate,2025-05-24,2,1142
T0252,YouTube,HK_Campaign_1,INF018,U0198,Whey Isolate,2025-05-24,4,3052
T0253,YouTube,GZ_Campaign_5,INF009,U0061,HK Multivitamin,2025-06-08,1,603
T0254,Instagram,HK_Campaign_5,INF012,U0481,Gritzo Shake,2025-06-06,2,806
T0255,YouTube,GZ_Campaign_4,INF020,U0257,MB Protein,2025-06-25,1,239
T0256,Instagram,GZ_Campaign_3,INF005,U0412,Omega3,2025-07-21,5,3335
T0257,Instagram,GZ_Campaign_5,INF005,U0072,Gritzo Shake,2025-06-23,5,2630
T0258,TikTok,HK_Campaign_5,INF006,U0379,Gritzo Shake,2025-05-24,5,2720
T0259,Twitter,GZ_Campaign_5,INF017,U0251,Whey Isolate,2025-05-29,3,2058
T0260,Twitter,MB_Campaign_3,INF027,U0170,MB Protein,2025-07-06,4,3188
T0261,TikTok,GZ_Campaign_1,INF010,U0306,Omega3,2025-07-08,3,2376
T0262,Instagram,MB_Campaign_1,INF019,U0299,Omega3,2025-06-17,2,1472
T0263,Twitter,GZ_Campaign_5,INF021,U0397,Omega3,2025-06-20,2,896
T0264,Instagram,GZ_Campaign_1,INF002,U0098,MB Protein,2025-06-22,4,2084
T0265,YouTube,MB_Campaign_4,INF014,U0354,HK Multivitamin,2025-06-12,4,2852
T0266,Twitter,GZ_Campaign_4,INF025,U0447,MB Protein,2025-06-24,2,1462
T0267,Twitter,GZ_Campaign_3,INF007,U0340,Omega3,2025-06-08,5,2925
T0268,Twitter,MB_Campaign_4,INF011,U0468,Whey Isolate,2025-07-16,3,2277
T0269,Instagram,GZ_Campaign_3,INF012,U0313,Omega3,2025-06-26,2,904
T0270,YouTube,GZ_Campaign_3,INF009,U0116,Gritzo Shake,2025-07-06,3,1236
T0271,YouTube,GZ_Campaign_4,INF023,U0163,Omega3,2025-06-13,3,2319
T0272,TikTok,GZ_Campaign_3,INF030,U0148,MB Protein,2025-06-19,5,3780
T0273,Twitter,HK_Campaign_3,INF013,U0489,HK Multivitamin,2025-06-07,3,729
T0274,TikTok,GZ_Campaign_1,INF010,U0178,Omega3,2025-06-17,3,2070
T0275,Twitter,MB_Campaign_5,INF007,U0139,Whey Isolate,2025-07-19,3,1020
T0276,Instagram,GZ_Campaign_5,INF004,U0123,HK Multivitamin,2025-06-20,1,743
T0277,TikTok,GZ_Campaign_2,INF008,U0027,MB Protein,2025-06-10,4,2152
T0278,YouTube,HK_Campaign_1,INF023,U0349,HK Multivitamin,2025-05-28,1,763
T0279,TikTok,MB_Campaign_4,INF030,U0335,Omega3,2025-06-23,4,1616
T0280,Twitter,HK_Campaign_3,INF025,U0147,MB Protein,2025-07-15,1,787
T0281,TikTok,GZ_Campaign_1,INF008,U0468,HK Multivitamin,2025-06-11,4,1520
T0282,TikTok,MB_Campaign_4,INF030,U0404,Omega3,2025-06-14,2,992
T0283,TikTok,MB_Campaign_1,INF029,U0153,Whey Isolate,2025-06-12,5,1545
T0284,TikTok,HK_Campaign_3,INF030,U0233,Whey Isolate,2025-06-30,5,3525
T0285,TikTok,MB_Campaign_5,INF029,U0240,Gritzo Shake,2025-07-13,2,630
T0286,Twitter,MB_Campaign_4,INF011,U0332,Gritzo Shake,2025-07-20,2,428
T0287,Twitter,HK_Campaign_3,INF024,U0291,HK Multivitamin,2025-07-11,2,1230
T0288,Twitter,HK_Campaign_5,INF027,U0168,MB Protein,2025-06-28,4,1188
T0289,TikTok,MB_Campaign_4,INF006,U0166,HK Multivitamin,2025-07-09,1,467
T0290,Twitter,MB_Campaign_4,INF013,U0386,Gritzo Shake,2025-06-17,3,1527
T0291,Instagram,GZ_Campaign_5,INF019,U0006,Gritzo Shake,2025-07-07,3,1323
T0292,Instagram,GZ_Campaign_1,INF002,U0239,Gritzo Shake,2025-07-10,2,1230
T0293,YouTube,GZ_Campaign_3,INF022,U0354,MB Protein,2025-06-26,3,1728
T0294,YouTube,MB_Campaign_2,INF020,U0491,HK Multivitamin,2025-07-19,4,1424
T0295,YouTube,GZ_Campaign_5,INF015,U0192,Omega3,2025-07-11,5,3410
T0296,Twitter,GZ_Campaign_2,INF025,U0391,HK Multivitamin,2025-06-17,5,1415
T0297,Twitter,HK_Campaign_5,INF017,U0361,Gritzo Shake,2025-06-02,1,777
T0298,Instagram,MB_Campaign_5,INF004,U0463,Whey Isolate,2025-06-23,2,1572
T0299,YouTube,MB_Campaign_2,INF018,U0168,Whey Isolate,2025-06-17,4,1276
T0300,YouTube,MB_Campaign_5,INF022,U0251,MB Protein,2025-06-09,5,3280
T0301,TikTok,MB_Campaign_4,INF026,U0068,Whey Isolate,2025-06-06,4,2668
T0302,Instagram,MB_Campaign_5,INF019,U0237,Gritzo Shake,2025-05-27,1,605
T0303,YouTube,MB_Campaign_2,INF009,U0297,MB Protein,2025-06-04,1,633
T0304,Instagram,GZ_Campaign_1,INF012,U0278,MB Protein,2025-07-03,1,683
T0305,Instagram,HK_Campaign_4,INF002,U0093,HK Multivitamin,2025-05-31,4,2332
T0306,TikTok,HK_Campaign_4,INF029,U0446,Omega3,2025-07-18,4,1128
T0307,YouTube,GZ_Campaign_5,INF022,U0069,Gritzo Shake,2025-06-22,1,382
T0308,YouTube,HK_Campaign_5,INF018,U0066,HK Multivitamin,2025-07-11,1,223
T0309,TikTok,HK_Campaign_5,INF010,U0218,Whey Isolate,2025-07-03,4,1740
T0310,TikTok,HK_Campaign_3,INF008,U0080,Gritzo Shake,2025-06-06,2,630
T0311,Instagram,GZ_Campaign_4,INF002,U0315,MB Protein,2025-07-20,2,822
T0312,Instagram,MB_Campaign_5,INF003,U0018,Omega3,2025-07-08,5,1245
T0313,TikTok,GZ_Campaign_1,INF008,U0206,Omega3,2025-07-12,2,1504
T0314,Twitter,MB_Campaign_2,INF007,U0258,Gritzo Shake,2025-06-18,2,1578
T0315,Twitter,GZ_Campaign_5,INF011,U0396,Gritzo Shake,2025-05-31,2,1018
T0316,TikTok,MB_Campaign_5,INF029,U0114,Omega3,2025-07-13,3,1443
T0317,Instagram,GZ_Campaign_5,INF002,U0451,HK Multivitamin,2025-07-11,4,3076
T0318,Instagram,MB_Campaign_3,INF016,U0483,Omega3,2025-06-10,5,2630
T0319,YouTube,HK_Campaign_4,INF023,U0077,Gritzo Shake,2025-06-24,4,1552
T0320,Twitter,GZ_Campaign_4,INF025,U0124,HK Multivitamin,2025-07-08,3,1041
T0321,TikTok,HK_Campaign_1,INF026,U0288,Omega3,2025-06-06,4,3080
T0322,Twitter,MB_Campaign_4,INF017,U0125,Gritzo Shake,2025-07-18,2,1076
T0323,Twitter,MB_Campaign_4,INF021,U0434,Gritzo Shake,2025-07-14,1,748
T0324,Twitter,MB_Campaign_1,INF024,U0138,Omega3,2025-07-12,5,1200
T0325,Twitter,MB_Campaign_2,INF028,U0412,Whey Isolate,2025-07-05,5,2110
T0326,Instagram,MB_Campaign_3,INF016,U0156,MB Protein,2025-07-12,2,788
T0327,Twitter,MB_Campaign_4,INF024,U0469,HK Multivitamin,2025-06-19,5,2045
T0328,Twitter,MB_Campaign_5,INF013,U0165,Gritzo Shake,2025-07-06,4,2708
T0329,YouTube,GZ_Campaign_3,INF018,U0158,Gritzo Shake,2025-05-27,3,2175
T0330,TikTok,HK_Campaign_4,INF029,U0051,Omega3,2025-07-19,3,1224
T0331,Instagram,HK_Campaign_4,INF012,U0024,Whey Isolate,2025-06-07,2,698
T0332,Twitter,HK_Campaign_5,INF001,U0479,Whey Isolate,2025-05-30,5,3135
T0333,TikTok,MB_Campaign_2,INF010,U0169,HK Multivitamin,2025-07-07,4,3132
T0334,Twitter,MB_Campaign_4,INF027,U0282,Gritzo Shake,2025-05-25,3,2100
T0335,Twitter,GZ_Campaign_4,INF024,U0236,HK Multivitamin,2025-07-02,3,1119
T0336,Instagram,GZ_Campaign_5,INF005,U0251,HK Multivitamin,2025-06-30,5,1300
T0337,Twitter,MB_Campaign_1,INF017,U0484,MB Protein,2025-06-29,1,622
T0338,Instagram,GZ_Campaign_2,INF005,U0035,HK Multivitamin,2025-07-20,1,423
T0339,Twitter,HK_Campaign_3,INF017,U0031,Whey Isolate,2025-06-27,5,3470
T0340,YouTube,HK_Campaign_1,INF022,U0004,Whey Isolate,2025-07-20,5,3105
T0341,Twitter,MB_Campaign_5,INF001,U0370,Gritzo Shake,2025-06-26,5,2465
T0342,Twitter,GZ_Campaign_4,INF001,U0413,HK Multivitamin,2025-06-25,1,298
T0343,Twitter,MB_Campaign_2,INF017,U0099,Whey Isolate,2025-06-05,5,2290
T0344,Twitter,HK_Campaign_3,INF027,U0408,Omega3,2025-07-06,1,582
T0345,Twitter,HK_Campaign_5,INF013,U0125,HK Multivitamin,2025-06-19,3,846
T0346,Twitter,GZ_Campaign_1,INF021,U0048,Omega3,2025-06-16,4,2344
T0347,YouTube,HK_Campaign_1,INF018,U0327,MB Protein,2025-05-29,2,568
T0348,Instagram,HK_Campaign_3,INF016,U0290,MB Protein,2025-07-19,5,1215
T0349,TikTok,MB_Campaign_5,INF008,U0244,Gritzo Shake,2025-06-25,1,276
T0350,YouTube,HK_Campaign_5,INF022,U0289,MB Protein,2025-07-20,2,1044
T0351,Twitter,MB_Campaign_5,INF001,U0074,Omega3,2025-07-09,1,506
T0352,TikTok,GZ_Campaign_2,INF006,U0291,Omega3,2025-07-10,5,2695
T0353,Twitter,GZ_Campaign_2,INF013,U0405,MB Protein,2025-05-28,5,2770
T0354,Instagram,MB_Campaign_4,INF002,U0119,MB Protein,2025-07-10,3,1818
T0355,Twitter,HK_Campaign_1,INF025,U0325,Gritzo Shake,2025-05-28,4,2808
T0356,TikTok,HK_Campaign_5,INF008,U0482,Omega3,2025-06-15,4,1560
T0357,YouTube,GZ_Campaign_4,INF022,U0044,Whey Isolate,2025-07-11,3,1356
T0358,YouTube,MB_Campaign_1,INF023,U0138,HK Multivitamin,2025-07-08,4,1428
T0359,Twitter,HK_Campaign_3,INF024,U0185,MB Protein,2025-07-15,1,205
T0360,TikTok,HK_Campaign_3,INF010,U0390,Gritzo Shake,2025-07-05,1,335
T0361,Instagram,MB_Campaign_4,INF003,U0230,Whey Isolate,2025-06-30,5,3620
T0362,YouTube,MB_Campaign_1,INF014,U0046,Gritzo Shake,2025-06-02,5,1475
T0363,YouTube,GZ_Campaign_3,INF020,U0443,Omega3,2025-05-25,1,498
T0364,YouTube,HK_Campaign_1,INF014,U0372,Whey Isolate,2025-07-17,2,1570
T0365,Twitter,MB_Campaign_4,INF017,U0087,HK Multivitamin,2025-06-12,3,1524
T0366,YouTube,HK_Campaign_2,INF009,U0033,HK Multivitamin,2025-07-08,4,1928
T0367,YouTube,HK_Campaign_4,INF014,U0401,MB Protein,2025-07-10,3,1371
T0368,TikTok,GZ_Campaign_4,INF008,U0305,Whey Isolate,2025-07-12,2,1336
T0369,Instagram,MB_Campaign_3,INF004,U0004,Omega3,2025-07-06,3,1767
T0370,TikTok,HK_Campaign_4,INF026,U0172,Omega3,2025-07-13,5,1695
T0371,TikTok,HK_Campaign_5,INF010,U0486,HK Multivitamin,2025-07-10,4,2084
T0372,TikTok,HK_Campaign_3,INF006,U0150,Omega3,2025-06-04,5,2240
T0373,Twitter,HK_Campaign_3,INF011,U0419,Omega3,2025-07-05,3,948
T0374,TikTok,GZ_Campaign_2,INF030,U0304,Whey Isolate,2025-07-01,2,1526
T0375,Twitter,GZ_Campaign_4,INF001,U0483,HK Multivitamin,2025-07-12,4,1992
T0376,Twitter,GZ_Campaign_1,INF027,U0420,Omega3,2025-07-14,4,1368
T0377,Twitter,HK_Campaign_2,INF021,U0130,HK Multivitamin,2025-07-10,4,2344
T0378,Instagram,HK_Campaign_5,INF003,U0246,Whey Isolate,2025-06-19,4,2988
T0379,Twitter,GZ_Campaign_4,INF017,U0279,MB Protein,2025-05-29,3,2247
T0380,YouTube,GZ_Campaign_1,INF020,U0056,HK Multivitamin,2025-07-11,3,1110
T0381,Twitter,GZ_Campaign_1,INF021,U0289,Omega3,2025-06-09,3,1920
T0382,Instagram,MB_Campaign_1,INF004,U0133,HK Multivitamin,2025-06-20,5,3655
T0383,YouTube,GZ_Campaign_5,INF018,U0114,Omega3,2025-05-31,3,1800
T0384,YouTube,GZ_Campaign_5,INF015,U0354,Whey Isolate,2025-06-05,2,1106
T0385,Twitter,HK_Campaign_1,INF001,U0152,Omega3,2025-07-08,1,318
T0386,Twitter,GZ_Campaign_2,INF027,U0179,Gritzo Shake,2025-05-29,3,1998
T0387,TikTok,MB_Campaign_5,INF026,U0248,Gritzo Shake,2025-06-17,4,1196
T0388,YouTube,GZ_Campaign_4,INF015,U0164,MB Protein,2025-06-03,3,735
T0389,TikTok,GZ_Campaign_1,INF026,U0012,Gritzo Shake,2025-07-03,1,368
T0390,TikTok,GZ_Campaign_2,INF030,U0265,HK Multivitamin,2025-07-06,5,1815
T0391,Twitter,GZ_Campaign_4,INF011,U0491,Omega3,2025-07-08,2,1228
T0392,Twitter,MB_Campaign_2,INF021,U0328,Omega3,2025-07-15,4,916
T0393,Twitter,GZ_Campaign_2,INF024,U0231,Whey Isolate,2025-06-17,4,2392
T0394,Twitter,GZ_Campaign_2,INF001,U0106,Gritzo Shake,2025-05-27,1,791
T0395,Instagram,GZ_Campaign_2,INF004,U0188,Gritzo Shake,2025-06-04,2,1336
T0396,Instagram,HK_Campaign_4,INF004,U0271,Gritzo Shake,2025-06-14,5,2985
T0397,YouTube,HK_Campaign_5,INF020,U0059,Gritzo Shake,2025-07-18,3,2004
T0398,YouTube,MB_Campaign_3,INF020,U0471,Whey Isolate,2025-05-27,5,1430
T0399,YouTube,MB_Campaign_3,INF022,U0061,HK Multivitamin,2025-06-27,3,957
T0400,TikTok,HK_Campaign_2,INF006,U0262,Omega3,2025-06-23,4,1364
T0401,Instagram,HK_Campaign_4,INF019,U0096,Omega3,2025-07-13,5,1885
T0402,YouTube,MB_Campaign_4,INF018,U0148,HK Multivitamin,2025-05-30,2,1044
T0403,Twitter,HK_Campaign_5,INF027,U0028,Gritzo Shake,2025-06-29,1,696
T0404,Instagram,MB_Campaign_4,INF005,U0494,Whey Isolate,2025-05-29,5,3530
T0405,YouTube,GZ_Campaign_4,INF014,U0213,Omega3,2025-06-13,4,1484
T0406,Instagram,GZ_Campaign_1,INF003,U0408,HK Multivitamin,2025-07-16,3,699
T0407,YouTube,MB_Campaign_5,INF009,U0148,HK Multivitamin,2025-06-14,4,3116
T0408,Twitter,HK_Campaign_5,INF024,U0262,MB Protein,2025-07-09,5,1580
T0409,YouTube,GZ_Campaign_3,INF009,U0278,MB Protein,2025-07-22,4,3036
T0410,Twitter,HK_Campaign_1,INF007,U0377,HK Multivitamin,2025-05-30,3,699
T0411,YouTube,HK_Campaign_3,INF015,U0442,MB Protein,2025-06-08,4,1280
T0412,Twitter,MB_Campaign_2,INF025,U0416,Whey Isolate,2025-07-03,3,1914
T0413,TikTok,GZ_Campaign_2,INF006,U0402,HK Multivitamin,2025-07-04,2,520
T0414,Instagram,HK_Campaign_5,INF019,U0144,Whey Isolate,2025-07-17,5,1860
T0415,Twitter,GZ_Campaign_3,INF011,U0149,Whey Isolate,2025-06-25,3,2178
T0416,TikTok,GZ_Campaign_1,INF029,U0070,Omega3,2025-07-06,1,483
T0417,Twitter,GZ_Campaign_2,INF028,U0360,HK Multivitamin,2025-06-10,2,698
T0418,YouTube,HK_Campaign_2,INF023,U0390,Omega3,2025-06-02,4,1380
T0419,Instagram,GZ_Campaign_3,INF019,U0322,Omega3,2025-07-05,4,2648
T0420,Instagram,GZ_Campaign_1,INF003,U0207,Whey Isolate,2025-06-03,3,1731
T0421,YouTube,HK_Campaign_3,INF015,U0298,MB Protein,2025-07-09,1,669
T0422,Twitter,GZ_Campaign_3,INF021,U0436,MB Protein,2025-06-11,5,3035
T0423,Twitter,HK_Campaign_2,INF007,U0254,Gritzo Shake,2025-07-04,3,1470
T0424,Twitter,GZ_Campaign_5,INF011,U0067,Whey Isolate,2025-07-12,4,2204
T0425,TikTok,GZ_Campaign_1,INF029,U0024,MB Protein,2025-07-22,4,864
T0426,Instagram,MB_Campaign_4,INF004,U0234,MB Protein,2025-07-01,4,1628
T0427,YouTube,MB_Campaign_3,INF023,U0082,Gritzo Shake,2025-06-09,1,569
T0428,YouTube,MB_Campaign_3,INF009,U0341,HK Multivitamin,2025-05-25,1,605
T0429,Twitter,HK_Campaign_2,INF021,U0220,MB Protein,2025-07-10,1,201
T0430,Twitter,HK_Campaign_1,INF007,U0068,Whey Isolate,2025-05-31,2,1462
T0431,YouTube,HK_Campaign_1,INF022,U0005,Gritzo Shake,2025-06-04,1,632
T0432,YouTube,MB_Campaign_4,INF023,U0037,HK Multivitamin,2025-07-17,4,1164
T0433,Twitter,MB_Campaign_1,INF024,U0161,Gritzo Shake,2025-07-05,3,1020
T0434,Twitter,MB_Campaign_2,INF013,U0036,Whey Isolate,2025-06-24,5,1040
T0435,YouTube,GZ_Campaign_2,INF020,U0226,Gritzo Shake,2025-05-29,2,710
T0436,TikTok,HK_Campaign_5,INF030,U0352,Omega3,2025-07-20,2,576
T0437,TikTok,MB_Campaign_2,INF029,U0386,MB Protein,2025-06-12,5,2965
T0438,Instagram,HK_Campaign_3,INF012,U0406,HK Multivitamin,2025-06-10,2,966
T0439,Twitter,MB_Campaign_2,INF021,U0284,Whey Isolate,2025-06-05,5,2455
T0440,Twitter,GZ_Campaign_1,INF025,U0435,Gritzo Shake,2025-07-10,2,1460
T0441,YouTube,GZ_Campaign_2,INF020,U0383,Omega3,2025-07-05,3,765
T0442,TikTok,MB_Campaign_4,INF026,U0198,MB Protein,2025-05-27,2,1422
T0443,Twitter,GZ_Campaign_1,INF021,U0271,MB Protein,2025-05-25,3,1572
T0444,Instagram,HK_Campaign_5,INF005,U0216,Gritzo Shake,2025-07-04,5,1880
T0445,Twitter,HK_Campaign_1,INF025,U0009,Whey Isolate,2025-07-09,1,214
T0446,YouTube,MB_Campaign_1,INF009,U0473,MB Protein,2025-07-09,4,2872
T0447,TikTok,GZ_Campaign_5,INF010,U0393,Omega3,2025-06-04,4,2444
T0448,Instagram,GZ_Campaign_5,INF003,U0276,Whey Isolate,2025-06-03,2,968
T0449,Instagram,HK_Campaign_1,INF003,U0262,HK Multivitamin,2025-07-18,2,1498
T0450,Twitter,HK_Campaign_5,INF011,U0325,MB Protein,2025-07-20,3,1941
T0451,Twitter,MB_Campaign_1,INF024,U0126,MB Protein,2025-06-27,4,1272
T0452,YouTube,GZ_Campaign_5,INF015,U0029,Gritzo Shake,2025-07-04,2,644
T0453,Twitter,GZ_Campaign_2,INF001,U0360,MB Protein,2025-06-08,2,1416
T0454,Instagram,GZ_Campaign_5,INF012,U0401,Gritzo Shake,2025-07-16,2,1160
T0455,Instagram,GZ_Campaign_3,INF005,U0376,MB Protein,2025-07-11,1,543
T0456,TikTok,HK_Campaign_3,INF026,U0269,MB Protein,2025-06-29,3,2370
T0457,Twitter,MB_Campaign_4,INF021,U0234,Whey Isolate,2025-05-31,3,768
T0458,Instagram,GZ_Campaign_2,INF016,U0189,HK Multivitamin,2025-07-07,3,915
T0459,TikTok,GZ_Campaign_1,INF029,U0117,Whey Isolate,2025-06-03,1,245
T0460,Twitter,MB_Campaign_2,INF028,U0024,Omega3,2025-05-25,3,1776
T0461,TikTok,MB_Campaign_2,INF030,U0477,MB Protein,2025-06-24,5,3145
T0462,TikTok,HK_Campaign_2,INF008,U0214,Gritzo Shake,2025-06-10,3,837
T0463,Instagram,HK_Campaign_1,INF019,U0258,MB Protein,2025-06-28,2,856
T0464,TikTok,GZ_Campaign_1,INF026,U0489,Omega3,2025-06-14,1,676
T0465,Twitter,HK_Campaign_3,INF028,U0168,MB Protein,2025-06-16,5,3335
T0466,Twitter,HK_Campaign_2,INF001,U0150,Whey Isolate,2025-05-26,3,1344
T0467,YouTube,HK_Campaign_5,INF015,U0498,Omega3,2025-06-18,2,1518
T0468,Twitter,MB_Campaign_2,INF025,U0004,Omega3,2025-05-31,1,438
T0469,YouTube,HK_Campaign_1,INF018,U0487,Gritzo Shake,2025-05-29,1,585
T0470,Twitter,GZ_Campaign_3,INF028,U0054,HK Multivitamin,2025-07-11,5,2215
T0471,YouTube,HK_Campaign_1,INF014,U0498,HK Multivitamin,2025-06-17,3,885
T0472,Instagram,MB_Campaign_5,INF002,U0212,Gritzo Shake,2025-06-17,4,1144
T0473,Instagram,MB_Campaign_5,INF019,U0069,Omega3,2025-06-02,1,781
T0474,Instagram,HK_Campaign_2,INF002,U0122,Gritzo Shake,2025-07-19,3,1566
T0475,TikTok,HK_Campaign_3,INF030,U0163,Omega3,2025-07-07,3,1317
T0476,Instagram,MB_Campaign_2,INF003,U0400,Whey Isolate,2025-05-31,1,359
T0477,Instagram,MB_Campaign_4,INF004,U0239,Gritzo Shake,2025-07-18,4,1292
T0478,YouTube,HK_Campaign_2,INF018,U0232,Gritzo Shake,2025-06-19,4,1884
T0479,Twitter,MB_Campaign_1,INF028,U0081,Gritzo Shake,2025-07-20,5,1205
T0480,Twitter,HK_Campaign_2,INF007,U0047,HK Multivitamin,2025-07-17,3,1815
T0481,Twitter,MB_Campaign_3,INF017,U0134,HK Multivitamin,2025-06-29,1,614
T0482,Twitter,HK_Campaign_5,INF028,U0384,Whey Isolate,2025-07-04,2,592
T0483,YouTube,MB_Campaign_2,INF015,U0063,MB Protein,2025-07-10,1,427
T0484,Instagram,MB_Campaign_4,INF005,U0191,MB Protein,2025-07-11,5,4000
T0485,YouTube,MB_Campaign_1,INF009,U0034,HK Multivitamin,2025-06-13,4,1324
T0486,Instagram,HK_Campaign_1,INF003,U0022,Omega3,2025-06-25,1,372
T0487,TikTok,GZ_Campaign_4,INF030,U0421,Omega3,2025-06-23,4,920
T0488,Twitter,GZ_Campaign_4,INF013,U0089,Gritzo Shake,2025-06-04,2,782
T0489,YouTube,HK_Campaign_4,INF009,U0453,HK Multivitamin,2025-05-25,1,451
T0490,Twitter,HK_Campaign_4,INF021,U0211,Whey Isolate,2025-06-07,4,1048
T0491,Instagram,HK_Campaign_4,INF003,U0071,Omega3,2025-07-21,2,1476
T0492,TikTok,GZ_Campaign_5,INF008,U0407,MB Protein,2025-06-25,4,2268
T0493,Instagram,GZ_Campaign_4,INF016,U0177,Whey Isolate,2025-06-10,5,2645
T0494,Twitter,HK_Campaign_2,INF013,U0014,Gritzo Shake,2025-06-11,5,2120
T0495,Twitter,HK_Campaign_1,INF001,U0415,Omega3,2025-07-22,5,2830
T0496,Twitter,GZ_Campaign_2,INF025,U0499,HK Multivitamin,2025-06-20,1,453
T0497,YouTube,MB_Campaign_3,INF022,U0274,MB Protein,2025-05-26,2,1578
T0498,Twitter,HK_Campaign_3,INF028,U0479,HK Multivitamin,2025-06-01,2,884
T0499,Instagram,HK_Campaign_3,INF019,U0468,Whey Isolate,2025-06-17,1,560
T0500,Instagram,GZ_Campaign_2,INF019,U0289,HK Multivitamin,2025-05-26,4,3020
T0501,TikTok,MB_Campaign_4,INF010,U0020,MB Protein,2025-06-30,1,438
T0502,YouTube,MB_Campaign_1,INF020,U0270,Omega3,2025-07-14,1,539
T0503,TikTok,GZ_Campaign_2,INF030,U0413,HK Multivitamin,2025-06-10,3,1143
T0504,TikTok,HK_Campaign_1,INF030,U0012,HK Multivitamin,2025-07-19,5,1725
T0505,Twitter,MB_Campaign_5,INF025,U0441,Gritzo Shake,2025-07-21,1,582
T0506,YouTube,GZ_Campaign_4,INF023,U0301,MB Protein,2025-06-27,3,1527
T0507,Twitter,MB_Campaign_2,INF011,U0375,Omega3,2025-06-06,4,2096
T0508,TikTok,GZ_Campaign_5,INF006,U0356,Whey Isolate,2025-05-26,3,1284
T0509,YouTube,GZ_Campaign_2,INF022,U0194,Gritzo Shake,2025-06-08,3,990
T0510,TikTok,GZ_Campaign_1,INF006,U0486,Whey Isolate,2025-07-16,4,3124
T0511,Instagram,MB_Campaign_5,INF002,U0163,Whey Isolate,2025-07-02,2,1558
T0512,Instagram,HK_Campaign_2,INF004,U0170,MB Protein,2025-06-17,2,1110
T0513,Twitter,MB_Campaign_1,INF011,U0421,Gritzo Shake,2025-07-15,4,844
T0514,YouTube,MB_Campaign_2,INF009,U0355,MB Protein,2025-07-22,3,1386
T0515,TikTok,MB_Campaign_1,INF026,U0025,Omega3,2025-07-14,4,2516
T0516,TikTok,HK_Campaign_4,INF006,U0452,Omega3,2025-07-09,3,2277
T0517,Twitter,MB_Campaign_4,INF013,U0404,Whey Isolate,2025-07-15,2,732
T0518,YouTube,MB_Campaign_1,INF015,U0151,MB Protein,2025-06-28,3,1401
T0519,Instagram,MB_Campaign_3,INF004,U0088,Omega3,2025-05-29,2,552
T0520,YouTube,MB_Campaign_3,INF018,U0305,Whey Isolate,2025-07-22,4,924
T0521,YouTube,GZ_Campaign_2,INF014,U0311,Omega3,2025-06-25,2,508
T0522,Instagram,HK_Campaign_2,INF004,U0499,HK Multivitamin,2025-07-13,4,3068
T0523,Twitter,GZ_Campaign_5,INF024,U0136,Gritzo Shake,2025-06-07,3,1329
T0524,Instagram,MB_Campaign_4,INF004,U0293,Whey Isolate,2025-06-26,4,1428
T0525,Instagram,HK_Campaign_1,INF002,U0219,MB Protein,2025-05-31,3,2073
T0526,Twitter,MB_Campaign_1,INF007,U0106,HK Multivitamin,2025-06-17,3,849
T0527,Instagram,MB_Campaign_3,INF016,U0402,Omega3,2025-05-27,4,2800
T0528,TikTok,GZ_Campaign_3,INF029,U0047,Whey Isolate,2025-07-11,4,1556
T0529,Instagram,HK_Campaign_3,INF012,U0096,Omega3,2025-07-04,1,469
T0530,YouTube,HK_Campaign_3,INF015,U0116,Gritzo Shake,2025-06-24,5,1315
T0531,Instagram,GZ_Campaign_1,INF005,U0044,Gritzo Shake,2025-06-15,5,3115
T0532,Twitter,GZ_Campaign_2,INF025,U0284,MB Protein,2025-06-13,4,2940
T0533,YouTube,GZ_Campaign_4,INF014,U0294,HK Multivitamin,2025-05-27,4,2024
T0534,Instagram,HK_Campaign_1,INF003,U0258,Whey Isolate,2025-06-29,5,3925
T0535,YouTube,GZ_Campaign_2,INF022,U0062,Omega3,2025-06-19,2,742
T0536,Twitter,MB_Campaign_2,INF007,U0022,Omega3,2025-07-06,1,645
T0537,Twitter,GZ_Campaign_2,INF007,U0428,Whey Isolate,2025-06-18,3,1581
T0538,TikTok,GZ_Campaign_1,INF030,U0045,Omega3,2025-06-22,5,3030
T0539,YouTube,HK_Campaign_3,INF018,U0267,Omega3,2025-07-21,1,735
T0540,TikTok,HK_Campaign_1,INF026,U0213,HK Multivitamin,2025-06-23,2,1560
T0541,Instagram,GZ_Campaign_1,INF019,U0474,MB Protein,2025-05-26,5,1515
T0542,TikTok,HK_Campaign_5,INF026,U0451,Gritzo Shake,2025-07-10,4,1880
T0543,Twitter,GZ_Campaign_4,INF013,U0293,Whey Isolate,2025-07-15,4,952
T0544,TikTok,HK_Campaign_4,INF006,U0074,Whey Isolate,2025-06-22,5,3055
T0545,Instagram,HK_Campaign_3,INF002,U0354,HK Multivitamin,2025-07-22,1,686
T0546,TikTok,HK_Campaign_3,INF030,U0011,Gritzo Shake,2025-05-26,3,1554
T0547,YouTube,HK_Campaign_1,INF009,U0498,HK Multivitamin,2025-07-17,2,1014
T0548,Twitter,HK_Campaign_3,INF024,U0138,Omega3,2025-06-24,5,1455
T0549,Twitter,HK_Campaign_2,INF007,U0468,Omega3,2025-06-17,4,2912
T0550,Twitter,HK_Campaign_1,INF028,U0264,HK Multivitamin,2025-06-14,1,518
T0551,YouTube,GZ_Campaign_4,INF023,U0070,Whey Isolate,2025-05-24,5,1145
T0552,TikTok,MB_Campaign_2,INF006,U0429,MB Protein,2025-07-02,2,466
T0553,YouTube,MB_Campaign_3,INF015,U0361,HK Multivitamin,2025-05-28,3,1731
T0554,Twitter,HK_Campaign_5,INF027,U0204,MB Protein,2025-06-29,1,447
T0555,Instagram,HK_Campaign_5,INF012,U0229,HK Multivitamin,2025-05-31,4,3200
T0556,YouTube,HK_Campaign_3,INF018,U0084,Gritzo Shake,2025-06-19,1,491
T0557,Twitter,HK_Campaign_1,INF001,U0084,Whey Isolate,2025-06-20,2,852
T0558,Twitter,MB_Campaign_2,INF021,U0138,Omega3,2025-06-27,5,1100
T0559,Twitter,GZ_Campaign_1,INF028,U0243,HK Multivitamin,2025-06-30,2,416
T0560,TikTok,HK_Campaign_5,INF008,U0413,Gritzo Shake,2025-06-14,3,1899
T0561,TikTok,HK_Campaign_3,INF029,U0236,Gritzo Shake,2025-06-03,2,1354
T0562,TikTok,GZ_Campaign_5,INF010,U0423,Whey Isolate,2025-06-15,4,3192
T0563,Instagram,MB_Campaign_5,INF004,U0340,Gritzo Shake,2025-07-09,5,2445
T0564,TikTok,GZ_Campaign_1,INF010,U0247,MB Protein,2025-06-21,3,1449
T0565,Twitter,HK_Campaign_3,INF021,U0134,Gritzo Shake,2025-07-07,2,706
T0566,Twitter,MB_Campaign_1,INF017,U0413,Whey Isolate,2025-05-27,4,2108
T0567,YouTube,MB_Campaign_1,INF022,U0336,Omega3,2025-06-13,3,1395
T0568,TikTok,HK_Campaign_4,INF030,U0199,MB Protein,2025-07-04,5,3925
T0569,Twitter,MB_Campaign_3,INF027,U0372,HK Multivitamin,2025-06-12,5,3435
T0570,TikTok,GZ_Campaign_3,INF030,U0260,Gritzo Shake,2025-06-28,2,1542
T0571,TikTok,HK_Campaign_1,INF006,U0242,HK Multivitamin,2025-06-12,3,2316
T0572,Twitter,MB_Campaign_3,INF025,U0336,MB Protein,2025-07-15,2,1126
T0573,TikTok,GZ_Campaign_3,INF008,U0216,Gritzo Shake,2025-06-21,3,1398
T0574,Instagram,HK_Campaign_4,INF019,U0436,MB Protein,2025-06-19,4,1016
T0575,Twitter,GZ_Campaign_5,INF028,U0298,Whey Isolate,2025-07-01,1,683
T0576,TikTok,MB_Campaign_5,INF029,U0062,Omega3,2025-06-27,5,2525
T0577,YouTube,MB_Campaign_2,INF014,U0071,HK Multivitamin,2025-06-04,3,1857
T0578,Instagram,HK_Campaign_2,INF019,U0162,HK Multivitamin,2025-07-12,1,699
T0579,Twitter,GZ_Campaign_2,INF011,U0161,MB Protein,2025-06-20,1,662
T0580,YouTube,MB_Campaign_2,INF009,U0296,HK Multivitamin,2025-06-09,4,1160
T0581,Instagram,GZ_Campaign_4,INF005,U0325,Omega3,2025-07-06,4,2556
T0582,Instagram,HK_Campaign_1,INF016,U0020,Whey Isolate,2025-07-10,2,1164
T0583,Twitter,HK_Campaign_5,INF001,U0098,MB Protein,2025-07-02,1,454
T0584,TikTok,GZ_Campaign_3,INF008,U0160,HK Multivitamin,2025-06-02,1,592
T0585,Twitter,GZ_Campaign_3,INF017,U0086,MB Protein,2025-06-20,1,505
T0586,TikTok,HK_Campaign_5,INF010,U0306,Whey Isolate,2025-07-02,3,1932
T0587,TikTok,GZ_Campaign_2,INF029,U0176,Omega3,2025-06-03,3,1176
T0588,TikTok,HK_Campaign_1,INF006,U0117,HK Multivitamin,2025-07-21,2,832
T0589,Twitter,MB_Campaign_5,INF024,U0259,HK Multivitamin,2025-06-21,1,575
T0590,YouTube,GZ_Campaign_1,INF023,U0193,Gritzo Shake,2025-07-17,5,1245
T0591,YouTube,MB_Campaign_1,INF020,U0335,MB Protein,2025-07-12,1,318
T0592,YouTube,HK_Campaign_4,INF014,U0064,Whey Isolate,2025-07-22,3,2055
T0593,YouTube,MB_Campaign_2,INF023,U0356,MB Protein,2025-05-26,3,1890
T0594,YouTube,MB_Campaign_5,INF022,U0139,Whey Isolate,2025-06-26,5,1700
T0595,YouTube,MB_Campaign_5,INF014,U0369,Whey Isolate,2025-06-26,1,489
T0596,Instagram,MB_Campaign_4,INF004,U0102,Whey Isolate,2025-06-03,2,938
T0597,Twitter,GZ_Campaign_2,INF027,U0184,Omega3,2025-06-20,3,1092
T0598,Instagram,GZ_Campaign_4,INF002,U0467,HK Multivitamin,2025-07-05,4,2152
T0599,TikTok,MB_Campaign_1,INF008,U0344,MB Protein,2025-06-19,1,787
T0600,YouTube,HK_Campaign_2,INF022,U0487,MB Protein,2025-06-25,5,1380
T0601,Twitter,GZ_Campaign_1,INF024,U0464,Gritzo Shake,2025-06-30,2,1334
T0602,TikTok,HK_Campaign_4,INF010,U0026,MB Protein,2025-05-27,2,480
T0603,Twitter,HK_Campaign_3,INF028,U0411,Gritzo Shake,2025-05-27,4,1272
T0604,Instagram,MB_Campaign_1,INF004,U0437,HK Multivitamin,2025-05-27,2,1072
T0605,Instagram,HK_Campaign_5,INF012,U0138,MB Protein,2025-06-07,3,1650
T0606,TikTok,MB_Campaign_4,INF006,U0205,Omega3,2025-06-20,3,1782
T0607,YouTube,HK_Campaign_4,INF023,U0333,HK Multivitamin,2025-07-12,1,335
T0608,YouTube,GZ_Campaign_1,INF023,U0483,HK Multivitamin,2025-06-07,1,626
T0609,TikTok,GZ_Campaign_4,INF030,U0411,Whey Isolate,2025-06-24,4,1540
T0610,YouTube,HK_Campaign_3,INF020,U0314,MB Protein,2025-06-30,2,1388
T0611,TikTok,HK_Campaign_1,INF030,U0455,Omega3,2025-06-05,4,988
T0612,Instagram,HK_Campaign_3,INF003,U0007,Whey Isolate,2025-07-22,5,3890
T0613,TikTok,GZ_Campaign_3,INF008,U0266,Whey Isolate,2025-06-06,5,1485
T0614,YouTube,GZ_Campaign_2,INF014,U0247,Gritzo Shake,2025-07-11,4,1408
T0615,Twitter,GZ_Campaign_5,INF027,U0028,MB Protein,2025-06-18,2,1434
T0616,Twitter,HK_Campaign_4,INF028,U0446,HK Multivitamin,2025-05-26,1,703
T0617,Twitter,MB_Campaign_3,INF011,U0497,Gritzo Shake,2025-06-04,1,719
T0618,TikTok,GZ_Campaign_4,INF008,U0207,HK Multivitamin,2025-05-31,1,670
T0619,YouTube,GZ_Campaign_4,INF015,U0046,Omega3,2025-06-19,4,2092
T0620,Instagram,HK_Campaign_1,INF004,U0053,Omega3,2025-07-15,4,944
T0621,YouTube,GZ_Campaign_1,INF018,U0423,MB Protein,2025-07-20,5,2555
T0622,TikTok,GZ_Campaign_5,INF029,U0106,Omega3,2025-07-14,3,1716
T0623,Twitter,MB_Campaign_2,INF027,U0433,Omega3,2025-07-14,3,2319
T0624,Twitter,GZ_Campaign_5,INF025,U0243,Gritzo Shake,2025-07-07,4,1264
T0625,Instagram,GZ_Campaign_2,INF004,U0002,Gritzo Shake,2025-06-18,3,1494
T0626,YouTube,GZ_Campaign_3,INF018,U0360,MB Protein,2025-06-10,1,368
T0627,Instagram,MB_Campaign_4,INF016,U0055,Gritzo Shake,2025-05-27,5,2000
T0628,Twitter,MB_Campaign_4,INF007,U0111,Omega3,2025-05-28,2,1092
T0629,Instagram,HK_Campaign_1,INF004,U0475,Whey Isolate,2025-06-14,1,661
T0630,YouTube,GZ_Campaign_5,INF015,U0490,Whey Isolate,2025-07-11,2,1420
T0631,Twitter,GZ_Campaign_1,INF001,U0284,Omega3,2025-06-02,5,3470
T0632,TikTok,GZ_Campaign_2,INF030,U0355,Whey Isolate,2025-05-28,2,662
T0633,Instagram,HK_Campaign_5,INF004,U0311,Gritzo Shake,2025-05-27,5,2965
T0634,YouTube,GZ_Campaign_2,INF014,U0141,Omega3,2025-05-24,3,1503
T0635,YouTube,MB_Campaign_2,INF015,U0212,Whey Isolate,2025-06-20,5,2530
T0636,Twitter,GZ_Campaign_5,INF027,U0441,Gritzo Shake,2025-05-24,5,2110
T0637,Twitter,MB_Campaign_5,INF007,U0366,Gritzo Shake,2025-05-25,3,1005
T0638,YouTube,GZ_Campaign_2,INF023,U0258,Whey Isolate,2025-06-03,3,954
T0639,Twitter,HK_Campaign_5,INF025,U0246,Whey Isolate,2025-05-25,5,3135
T0640,YouTube,GZ_Campaign_5,INF022,U0147,Omega3,2025-06-24,1,735
T0641,Instagram,MB_Campaign_4,INF004,U0075,MB Protein,2025-05-25,1,404
T0642,YouTube,MB_Campaign_3,INF009,U0350,Gritzo Shake,2025-07-03,2,526
T0643,YouTube,HK_Campaign_2,INF023,U0386,Whey Isolate,2025-06-02,1,567
T0644,Twitter,HK_Campaign_1,INF027,U0316,Whey Isolate,2025-07-06,2,1548
T0645,Twitter,MB_Campaign_5,INF013,U0402,Gritzo Shake,2025-06-25,1,590
T0646,Twitter,HK_Campaign_3,INF013,U0495,Whey Isolate,2025-05-25,1,213
T0647,Twitter,HK_Campaign_2,INF024,U0318,Omega3,2025-06-29,2,1152
T0648,Twitter,GZ_Campaign_5,INF025,U0379,Whey Isolate,2025-06-08,2,796
T0649,TikTok,HK_Campaign_2,INF010,U0350,MB Protein,2025-05-30,2,754
T0650,Twitter,GZ_Campaign_1,INF024,U0194,MB Protein,2025-06-10,4,1940
T0651,YouTube,HK_Campaign_2,INF018,U0083,Whey Isolate,2025-06-27,3,615
T0652,Twitter,HK_Campaign_2,INF011,U0021,HK Multivitamin,2025-06-22,3,756
T0653,Twitter,GZ_Campaign_5,INF025,U0432,Gritzo Shake,2025-06-06,4,3144
T0654,YouTube,HK_Campaign_1,INF018,U0402,Gritzo Shake,2025-06-26,5,2125
T0655,TikTok,GZ_Campaign_1,INF006,U0403,Whey Isolate,2025-06-11,2,1250
T0656,YouTube,GZ_Campaign_4,INF018,U0048,Gritzo Shake,2025-05-24,2,836
T0657,YouTube,HK_Campaign_3,INF022,U0185,Gritzo Shake,2025-07-11,2,1486
T0658,Instagram,GZ_Campaign_1,INF016,U0059,Gritzo Shake,2025-05-29,4,1784
T0659,TikTok,GZ_Campaign_5,INF029,U0471,Whey Isolate,2025-06-02,2,480
T0660,YouTube,HK_Campaign_4,INF022,U0469,MB Protein,2025-06-22,4,1848
T0661,YouTube,GZ_Campaign_3,INF018,U0013,Whey Isolate,2025-06-21,3,2178
T0662,TikTok,GZ_Campaign_4,INF026,U0250,MB Protein,2025-06-04,3,1191
T0663,Twitter,GZ_Campaign_1,INF011,U0486,MB Protein,2025-07-15,2,1500
T0664,YouTube,MB_Campaign_1,INF018,U0108,HK Multivitamin,2025-06-23,4,1224
T0665,Twitter,GZ_Campaign_4,INF007,U0332,MB Protein,2025-07-13,2,448
T0666,YouTube,GZ_Campaign_3,INF015,U0020,MB Protein,2025-06-29,1,255
T0667,TikTok,HK_Campaign_5,INF006,U0037,Whey Isolate,2025-06-09,2,928
T0668,YouTube,HK_Campaign_4,INF014,U0323,Omega3,2025-07-16,4,2092
T0669,Twitter,HK_Campaign_1,INF001,U0274,MB Protein,2025-07-03,5,1320
T0670,Twitter,GZ_Campaign_5,INF025,U0024,MB Protein,2025-05-30,3,2142
T0671,Instagram,HK_Campaign_3,INF004,U0311,MB Protein,2025-07-03,3,1944
T0672,Twitter,HK_Campaign_1,INF013,U0243,HK Multivitamin,2025-07-05,5,2125
T0673,Instagram,GZ_Campaign_4,INF005,U0408,Whey Isolate,2025-07-12,3,1041
T0674,TikTok,GZ_Campaign_3,INF010,U0491,MB Protein,2025-05-24,5,3840
T0675,Instagram,MB_Campaign_1,INF005,U0003,Whey Isolate,2025-06-14,5,3015
T0676,YouTube,GZ_Campaign_1,INF018,U0157,HK Multivitamin,2025-07-12,3,1248
T0677,YouTube,GZ_Campaign_5,INF014,U0073,HK Multivitamin,2025-07-06,2,852
T0678,YouTube,HK_Campaign_2,INF020,U0059,HK Multivitamin,2025-06-06,5,1275
T0679,Twitter,GZ_Campaign_4,INF028,U0331,Whey Isolate,2025-05-29,1,497
T0680,YouTube,MB_Campaign_3,INF022,U0051,HK Multivitamin,2025-07-16,5,3490
T0681,Twitter,HK_Campaign_2,INF011,U0344,HK Multivitamin,2025-05-25,1,491
T0682,YouTube,MB_Campaign_2,INF020,U0163,Omega3,2025-07-19,4,2144
T0683,YouTube,GZ_Campaign_3,INF020,U0356,Whey Isolate,2025-05-31,2,1558
T0684,Instagram,HK_Campaign_3,INF019,U0491,Omega3,2025-06-18,2,408
T0685,Twitter,MB_Campaign_2,INF011,U0365,Omega3,2025-07-20,3,1704
T0686,Instagram,GZ_Campaign_3,INF005,U0450,Omega3,2025-07-05,4,2624
T0687,Instagram,HK_Campaign_4,INF012,U0283,MB Protein,2025-06-19,2,566
T0688,Twitter,HK_Campaign_2,INF027,U0457,Whey Isolate,2025-07-05,2,938
T0689,Twitter,GZ_Campaign_1,INF024,U0373,MB Protein,2025-07-09,1,719
T0690,Twitter,MB_Campaign_5,INF021,U0297,Omega3,2025-07-19,5,2085
T0691,TikTok,MB_Campaign_5,INF030,U0134,Whey Isolate,2025-06-13,5,3415
T0692,Twitter,MB_Campaign_3,INF021,U0201,HK Multivitamin,2025-05-28,5,2485
T0693,Instagram,HK_Campaign_5,INF005,U0262,MB Protein,2025-07-17,4,2288
T0694,Twitter,MB_Campaign_2,INF017,U0435,Whey Isolate,2025-07-20,2,1452
T0695,Instagram,HK_Campaign_2,INF005,U0092,Whey Isolate,2025-06-17,5,1745
T0696,Twitter,GZ_Campaign_4,INF024,U0481,Gritzo Shake,2025-06-27,1,424
T0697,Twitter,HK_Campaign_2,INF025,U0033,Gritzo Shake,2025-07-20,3,1317
T0698,Instagram,GZ_Campaign_2,INF002,U0266,Gritzo Shake,2025-05-29,4,2720
T0699,TikTok,HK_Campaign_1,INF030,U0021,Gritzo Shake,2025-06-01,1,733
T0700,Twitter,HK_Campaign_3,INF021,U0297,Whey Isolate,2025-07-14,5,1890
T0701,Twitter,GZ_Campaign_4,INF013,U0188,Whey Isolate,2025-07-19,1,729
T0702,YouTube,HK_Campaign_2,INF009,U0265,Omega3,2025-05-25,3,1659
T0703,Instagram,HK_Campaign_5,INF016,U0004,Whey Isolate,2025-07-03,2,1300
T0704,TikTok,MB_Campaign_1,INF006,U0264,Gritzo Shake,2025-07-13,2,706
T0705,TikTok,MB_Campaign_3,INF006,U0309,MB Protein,2025-06-09,2,1248
T0706,TikTok,HK_Campaign_1,INF026,U0247,Omega3,2025-07-07,4,1660
T0707,Instagram,MB_Campaign_4,INF019,U0012,HK Multivitamin,2025-06-12,1,330
T0708,Instagram,GZ_Campaign_2,INF019,U0069,Whey Isolate,2025-06-11,1,786
T0709,Instagram,MB_Campaign_2,INF005,U0133,HK Multivitamin,2025-05-27,5,3075
T0710,YouTube,GZ_Campaign_1,INF020,U0450,Gritzo Shake,2025-07-10,1,421
T0711,YouTube,GZ_Campaign_4,INF015,U0445,Omega3,2025-07-15,2,848
T0712,Twitter,HK_Campaign_5,INF027,U0074,Whey Isolate,2025-06-18,2,1446
T0713,YouTube,MB_Campaign_3,INF009,U0473,Omega3,2025-07-15,5,1350
T0714,TikTok,HK_Campaign_4,INF008,U0068,MB Protein,2025-06-13,1,407
T0715,Twitter,GZ_Campaign_4,INF017,U0424,HK Multivitamin,2025-05-25,5,1490
T0716,TikTok,HK_Campaign_5,INF006,U0308,MB Protein,2025-05-30,5,3575
T0717,Twitter,MB_Campaign_1,INF025,U0247,HK Multivitamin,2025-05-24,5,3760
T0718,Twitter,MB_Campaign_4,INF027,U0268,Omega3,2025-07-13,3,732
T0719,YouTube,GZ_Campaign_4,INF023,U0118,Omega3,2025-06-02,4,2232
T0720,Instagram,GZ_Campaign_5,INF019,U0051,Omega3,2025-06-10,2,920
T0721,Instagram,MB_Campaign_1,INF016,U0146,Whey Isolate,2025-06-26,5,3090
T0722,YouTube,MB_Campaign_1,INF009,U0364,MB Protein,2025-06-25,5,3675
T0723,Instagram,GZ_Campaign_1,INF004,U0193,HK Multivitamin,2025-06-19,3,1854
T0724,Instagram,MB_Campaign_2,INF012,U0219,Whey Isolate,2025-06-19,3,1401
T0725,Twitter,GZ_Campaign_4,INF028,U0290,Gritzo Shake,2025-06-10,5,2410
T0726,YouTube,HK_Campaign_2,INF022,U0212,Whey Isolate,2025-07-16,5,3470
T0727,TikTok,HK_Campaign_5,INF006,U0285,Omega3,2025-06-25,3,1542
T0728,Instagram,HK_Campaign_4,INF019,U0377,HK Multivitamin,2025-06-30,1,435
T0729,YouTube,GZ_Campaign_2,INF015,U0052,HK Multivitamin,2025-07-02,5,3050
T0730,TikTok,HK_Campaign_5,INF026,U0315,MB Protein,2025-06-20,2,1196
T0731,Twitter,MB_Campaign_1,INF021,U0422,HK Multivitamin,2025-06-22,4,2580
T0732,Instagram,MB_Campaign_3,INF003,U0114,Gritzo Shake,2025-06-22,1,238
T0733,Twitter,HK_Campaign_4,INF024,U0315,Whey Isolate,2025-06-18,3,774
T0734,Twitter,MB_Campaign_4,INF025,U0225,MB Protein,2025-05-24,2,1460
T0735,TikTok,MB_Campaign_1,INF010,U0402,Whey Isolate,2025-06-13,5,3640
T0736,YouTube,MB_Campaign_5,INF023,U0087,MB Protein,2025-06-25,3,1332
T0737,Twitter,MB_Campaign_2,INF021,U0045,Gritzo Shake,2025-06-19,4,2244
T0738,YouTube,HK_Campaign_4,INF022,U0301,HK Multivitamin,2025-07-22,5,1075
T0739,Twitter,GZ_Campaign_1,INF024,U0471,MB Protein,2025-07-21,5,2455
T0740,Twitter,GZ_Campaign_5,INF024,U0179,Gritzo Shake,2025-06-07,3,1293
T0741,YouTube,MB_Campaign_4,INF020,U0477,Omega3,2025-07-19,5,1020
T0742,YouTube,MB_Campaign_4,INF009,U0260,MB Protein,2025-06-01,5,1370
T0743,Twitter,HK_Campaign_3,INF017,U0485,MB Protein,2025-07-18,5,2315
T0744,TikTok,GZ_Campaign_5,INF029,U0129,Omega3,2025-07-09,4,3104
T0745,Instagram,MB_Campaign_3,INF016,U0493,Omega3,2025-06-19,4,3200
T0746,Twitter,MB_Campaign_4,INF028,U0060,Gritzo Shake,2025-06-08,1,591
T0747,Twitter,MB_Campaign_2,INF021,U0410,Gritzo Shake,2025-06-20,4,2244
T0748,Twitter,GZ_Campaign_1,INF017,U0359,Gritzo Shake,2025-06-29,2,988
T0749,Instagram,HK_Campaign_3,INF003,U0039,Whey Isolate,2025-07-21,2,1374
T0750,Twitter,HK_Campaign_2,INF011,U0458,Whey Isolate,2025-07-21,3,1161
T0751,Twitter,GZ_Campaign_2,INF024,U0256,HK Multivitamin,2025-05-24,2,894
T0752,Twitter,HK_Campaign_2,INF028,U0118,HK Multivitamin,2025-06-07,2,1128
T0753,Instagram,MB_Campaign_1,INF005,U0472,MB Protein,2025-06-24,4,824
T0754,Twitter,GZ_Campaign_1,INF025,U0435,Omega3,2025-07-04,3,1566
T0755,Instagram,GZ_Campaign_3,INF016,U0252,HK Multivitamin,2025-06-01,5,2430
T0756,Twitter,MB_Campaign_5,INF013,U0066,MB Protein,2025-05-26,5,3165
T0757,Instagram,GZ_Campaign_1,INF016,U0258,Gritzo Shake,2025-07-18,4,1512
T0758,YouTube,MB_Campaign_5,INF015,U0236,Gritzo Shake,2025-06-28,1,212
T0759,YouTube,MB_Campaign_4,INF022,U0298,MB Protein,2025-07-16,3,1710
T0760,YouTube,HK_Campaign_2,INF020,U0281,Gritzo Shake,2025-06-01,2,950
T0761,Instagram,GZ_Campaign_3,INF016,U0188,HK Multivitamin,2025-06-14,4,2536
T0762,Twitter,HK_Campaign_3,INF007,U0187,Omega3,2025-06-26,3,1983
T0763,TikTok,GZ_Campaign_2,INF006,U0295,HK Multivitamin,2025-06-04,1,476
T0764,TikTok,MB_Campaign_5,INF026,U0222,Omega3,2025-06-28,2,698
T0765,TikTok,GZ_Campaign_2,INF026,U0243,MB Protein,2025-07-16,2,1262
T0766,Instagram,MB_Campaign_5,INF016,U0274,Gritzo Shake,2025-06-11,4,2028
T0767,YouTube,GZ_Campaign_5,INF009,U0025,Omega3,2025-05-31,1,367
T0768,Instagram,MB_Campaign_3,INF002,U0244,MB Protein,2025-06-02,4,2168
T0769,YouTube,HK_Campaign_3,INF009,U0287,Whey Isolate,2025-05-29,3,1656
T0770,Twitter,HK_Campaign_1,INF001,U0180,Whey Isolate,2025-07-13,2,1580
T0771,Instagram,GZ_Campaign_5,INF019,U0090,Gritzo Shake,2025-05-31,3,1596
T0772,YouTube,GZ_Campaign_4,INF022,U0397,Omega3,2025-07-11,1,590
T0773,YouTube,HK_Campaign_4,INF020,U0324,HK Multivitamin,2025-06-25,2,1090
T0774,YouTube,GZ_Campaign_5,INF014,U0293,Omega3,2025-06-18,1,281
T0775,TikTok,HK_Campaign_2,INF006,U0161,Gritzo Shake,2025-05-27,3,1419
T0776,YouTube,GZ_Campaign_4,INF020,U0139,Omega3,2025-06-27,3,2199
T0777,YouTube,HK_Campaign_2,INF015,U0095,MB Protein,2025-07-18,2,880
T0778,YouTube,HK_Campaign_1,INF022,U0108,HK Multivitamin,2025-07-04,4,1220
T0779,Instagram,MB_Campaign_4,INF004,U0281,MB Protein,2025-07-11,1,606
T0780,Twitter,MB_Campaign_1,INF017,U0135,Whey Isolate,2025-07-10,2,572
T0781,Twitter,HK_Campaign_3,INF021,U0118,HK Multivitamin,2025-06-06,3,1959
T0782,Twitter,MB_Campaign_2,INF021,U0270,HK Multivitamin,2025-06-12,1,235
T0783,YouTube,HK_Campaign_3,INF022,U0443,Omega3,2025-07-09,4,3012
T0784,TikTok,HK_Campaign_5,INF030,U0228,HK Multivitamin,2025-06-01,5,1905
T0785,Instagram,GZ_Campaign_4,INF019,U0324,Whey Isolate,2025-06-20,4,2944
T0786,Twitter,GZ_Campaign_5,INF021,U0159,Gritzo Shake,2025-07-17,4,3008
T0787,TikTok,MB_Campaign_4,INF008,U0158,Gritzo Shake,2025-06-22,4,1864
T0788,Instagram,HK_Campaign_1,INF005,U0001,Whey Isolate,2025-06-20,2,1104
T0789,TikTok,HK_Campaign_5,INF010,U0005,Omega3,2025-07-11,4,2024
T0790,Twitter,HK_Campaign_3,INF001,U0306,HK Multivitamin,2025-06-10,1,761
T0791,Instagram,MB_Campaign_4,INF012,U0452,Whey Isolate,2025-07-02,4,2416
T0792,TikTok,MB_Campaign_4,INF008,U0425,Omega3,2025-06-25,2,938
T0793,Instagram,HK_Campaign_2,INF003,U0265,Whey Isolate,2025-05-29,3,1473
T0794,Twitter,GZ_Campaign_5,INF021,U0415,Gritzo Shake,2025-07-07,4,1568
T0795,Twitter,MB_Campaign_2,INF028,U0070,Gritzo Shake,2025-05-27,1,666
T0796,YouTube,HK_Campaign_3,INF020,U0359,Whey Isolate,2025-07-17,4,1568
T0797,Twitter,MB_Campaign_2,INF011,U0026,Whey Isolate,2025-07-01,1,390
T0798,Instagram,HK_Campaign_3,INF004,U0065,Omega3,2025-07-21,1,438
T0799,Instagram,MB_Campaign_1,INF003,U0253,HK Multivitamin,2025-06-06,3,1890
T0800,TikTok,HK_Campaign_3,INF010,U0238,MB Protein,2025-05-24,3,846
T0801,Twitter,MB_Campaign_1,INF027,U0137,Omega3,2025-07-02,1,756
T0802,Instagram,MB_Campaign_2,INF016,U0459,Gritzo Shake,2025-06-15,4,848
T0803,Instagram,GZ_Campaign_2,INF004,U0198,Omega3,2025-07-18,2,468
T0804,Twitter,HK_Campaign_1,INF007,U0267,HK Multivitamin,2025-07-13,4,2392
T0805,YouTube,HK_Campaign_3,INF022,U0082,MB Protein,2025-06-12,5,3665
T0806,Instagram,HK_Campaign_4,INF004,U0327,Gritzo Shake,2025-05-28,2,1138
T0807,TikTok,MB_Campaign_2,INF029,U0499,MB Protein,2025-06-09,2,1288
T0808,Twitter,MB_Campaign_2,INF011,U0407,Gritzo Shake,2025-07-06,5,1610
T0809,Twitter,MB_Campaign_1,INF013,U0497,MB Protein,2025-05-26,5,3430
T0810,YouTube,GZ_Campaign_2,INF023,U0191,MB Protein,2025-06-28,2,722
T0811,Instagram,MB_Campaign_5,INF016,U0174,MB Protein,2025-07-17,1,564
T0812,Twitter,MB_Campaign_5,INF021,U0406,MB Protein,2025-06-05,2,1398
T0813,TikTok,HK_Campaign_5,INF008,U0404,Gritzo Shake,2025-07-03,4,1588
T0814,Twitter,GZ_Campaign_4,INF001,U0184,HK Multivitamin,2025-06-15,3,720
T0815,Instagram,GZ_Campaign_4,INF016,U0287,Gritzo Shake,2025-06-27,5,3505
T0816,Twitter,GZ_Campaign_2,INF007,U0279,Gritzo Shake,2025-06-01,3,2037
T0817,YouTube,GZ_Campaign_5,INF009,U0083,MB Protein,2025-07-10,5,1790
T0818,YouTube,HK_Campaign_3,INF015,U0278,Gritzo Shake,2025-07-09,4,800
T0819,Twitter,GZ_Campaign_5,INF025,U0195,HK Multivitamin,2025-05-26,1,572
T0820,Twitter,GZ_Campaign_2,INF025,U0165,MB Protein,2025-06-07,5,2980
T0821,Twitter,GZ_Campaign_4,INF007,U0393,Whey Isolate,2025-07-17,2,978
T0822,Twitter,HK_Campaign_3,INF011,U0057,MB Protein,2025-06-03,5,1340
T0823,Instagram,MB_Campaign_2,INF002,U0448,MB Protein,2025-06-29,2,618
T0824,Instagram,MB_Campaign_1,INF016,U0017,Whey Isolate,2025-06-25,4,2804
T0825,Twitter,GZ_Campaign_5,INF017,U0132,MB Protein,2025-05-27,3,1278
T0826,YouTube,GZ_Campaign_1,INF020,U0007,HK Multivitamin,2025-07-04,4,1124
T0827,YouTube,GZ_Campaign_1,INF015,U0185,Whey Isolate,2025-06-21,4,2308
T0828,TikTok,GZ_Campaign_1,INF026,U0422,Whey Isolate,2025-07-04,3,2223
T0829,Instagram,GZ_Campaign_1,INF002,U0428,Gritzo Shake,2025-06-02,1,421
T0830,Twitter,MB_Campaign_1,INF017,U0372,HK Multivitamin,2025-06-11,5,2970
T0831,Twitter,MB_Campaign_5,INF007,U0337,HK Multivitamin,2025-06-08,5,1915
T0832,YouTube,GZ_Campaign_5,INF018,U0213,MB Protein,2025-07-05,5,2830
T0833,YouTube,HK_Campaign_4,INF022,U0453,MB Protein,2025-06-24,2,768
T0834,YouTube,HK_Campaign_5,INF018,U0173,HK Multivitamin,2025-07-03,5,3265
T0835,TikTok,HK_Campaign_3,INF030,U0282,Gritzo Shake,2025-07-19,3,1866
T0836,Twitter,GZ_Campaign_4,INF025,U0423,Gritzo Shake,2025-06-03,5,2230
T0837,Instagram,GZ_Campaign_2,INF019,U0193,Whey Isolate,2025-07-21,3,1704
T0838,YouTube,HK_Campaign_4,INF015,U0001,MB Protein,2025-07-16,3,648
T0839,Twitter,MB_Campaign_3,INF017,U0004,Gritzo Shake,2025-05-30,2,838
T0840,Twitter,HK_Campaign_1,INF028,U0396,Gritzo Shake,2025-06-12,5,3615
T0841,YouTube,GZ_Campaign_5,INF018,U0080,MB Protein,2025-07-22,1,671
T0842,Instagram,MB_Campaign_2,INF012,U0136,Gritzo Shake,2025-05-27,5,2275
T0843,TikTok,HK_Campaign_3,INF008,U0048,Whey Isolate,2025-06-14,4,3128
T0844,TikTok,MB_Campaign_1,INF030,U0371,Gritzo Shake,2025-06-18,4,1508
T0845,Instagram,GZ_Campaign_5,INF016,U0420,MB Protein,2025-06-17,5,2535
T0846,Instagram,GZ_Campaign_5,INF002,U0196,MB Protein,2025-06-24,1,542
T0847,Instagram,HK_Campaign_4,INF012,U0477,MB Protein,2025-06-25,2,422
T0848,Twitter,GZ_Campaign_4,INF021,U0028,Gritzo Shake,2025-05-27,5,1210
T0849,Twitter,GZ_Campaign_5,INF011,U0077,Gritzo Shake,2025-07-10,5,2130
T0850,Instagram,MB_Campaign_4,INF005,U0498,Omega3,2025-07-16,5,3945
T0851,Twitter,MB_Campaign_2,INF017,U0222,Gritzo Shake,2025-06-24,4,1404
T0852,Instagram,HK_Campaign_1,INF005,U0244,Whey Isolate,2025-07-11,1,761
T0853,Twitter,HK_Campaign_1,INF013,U0205,Whey Isolate,2025-06-18,4,1332
T0854,Twitter,MB_Campaign_4,INF025,U0287,HK Multivitamin,2025-07-01,4,2416
T0855,Twitter,GZ_Campaign_2,INF021,U0288,Whey Isolate,2025-07-03,5,2260
T0856,TikTok,MB_Campaign_3,INF008,U0398,Omega3,2025-07-14,3,2367
T0857,Instagram,MB_Campaign_4,INF003,U0217,Gritzo Shake,2025-05-26,3,1185
T0858,Twitter,HK_Campaign_5,INF011,U0336,MB Protein,2025-07-04,3,1119
T0859,Instagram,GZ_Campaign_4,INF012,U0320,HK Multivitamin,2025-07-22,4,980
T0860,TikTok,MB_Campaign_2,INF030,U0351,Gritzo Shake,2025-06-03,2,574
T0861,Instagram,GZ_Campaign_1,INF004,U0125,Whey Isolate,2025-07-15,2,988
T0862,Twitter,HK_Campaign_1,INF001,U0157,Omega3,2025-06-05,4,892
T0863,Twitter,MB_Campaign_5,INF011,U0109,HK Multivitamin,2025-07-15,5,3675
T0864,Twitter,HK_Campaign_5,INF025,U0248,Whey Isolate,2025-05-24,2,436
T0865,Twitter,GZ_Campaign_5,INF013,U0023,Gritzo Shake,2025-07-21,2,522
T0866,TikTok,MB_Campaign_5,INF010,U0139,MB Protein,2025-07-07,4,832
T0867,Instagram,HK_Campaign_3,INF003,U0340,Gritzo Shake,2025-07-11,1,219
T0868,TikTok,GZ_Campaign_4,INF010,U0119,Omega3,2025-05-30,5,1505
T0869,TikTok,HK_Campaign_4,INF029,U0444,Whey Isolate,2025-07-13,5,1450
T0870,TikTok,MB_Campaign_5,INF006,U0495,Omega3,2025-07-15,5,1110
T0871,Instagram,MB_Campaign_5,INF002,U0157,Gritzo Shake,2025-05-25,4,2408
T0872,Twitter,MB_Campaign_1,INF024,U0178,Gritzo Shake,2025-06-07,3,1527
T0873,TikTok,GZ_Campaign_3,INF008,U0416,MB Protein,2025-06-02,3,1788
T0874,TikTok,MB_Campaign_5,INF029,U0486,Gritzo Shake,2025-06-29,2,710
T0875,Twitter,HK_Campaign_2,INF011,U0045,Omega3,2025-06-30,5,2160
T0876,YouTube,MB_Campaign_5,INF014,U0079,Omega3,2025-07-08,3,1611
T0877,YouTube,GZ_Campaign_2,INF015,U0106,HK Multivitamin,2025-06-25,5,3770
T0878,YouTube,MB_Campaign_2,INF022,U0159,Whey Isolate,2025-05-29,2,1280
T0879,TikTok,MB_Campaign_5,INF030,U0470,HK Multivitamin,2025-06-06,3,807
T0880,YouTube,GZ_Campaign_1,INF018,U0095,Gritzo Shake,2025-06-10,2,460
T0881,Twitter,HK_Campaign_4,INF025,U0493,Omega3,2025-06-12,3,1959
T0882,Twitter,GZ_Campaign_3,INF024,U0078,HK Multivitamin,2025-07-16,1,334
T0883,TikTok,MB_Campaign_5,INF006,U0316,Gritzo Shake,2025-05-25,5,3900
T0884,YouTube,MB_Campaign_5,INF020,U0119,HK Multivitamin,2025-06-23,1,567
T0885,Instagram,GZ_Campaign_4,INF003,U0069,Whey Isolate,2025-06-06,5,3400
T0886,YouTube,GZ_Campaign_3,INF023,U0095,Omega3,2025-06-17,4,2740
T0887,Instagram,MB_Campaign_2,INF005,U0116,MB Protein,2025-07-20,4,860
T0888,TikTok,HK_Campaign_4,INF030,U0114,HK Multivitamin,2025-07-08,2,534
T0889,TikTok,HK_Campaign_5,INF006,U0251,Gritzo Shake,2025-07-04,4,1808
T0890,YouTube,HK_Campaign_1,INF014,U0312,Omega3,2025-07-20,3,1809
T0891,YouTube,GZ_Campaign_5,INF020,U0305,Whey Isolate,2025-05-30,5,1195
T0892,Twitter,MB_Campaign_4,INF017,U0234,MB Protein,2025-06-27,2,1462
T0893,YouTube,HK_Campaign_1,INF018,U0286,Omega3,2025-06-07,5,1250
T0894,Twitter,HK_Campaign_4,INF007,U0204,Gritzo Shake,2025-06-03,3,2016
T0895,TikTok,HK_Campaign_3,INF006,U0314,MB Protein,2025-06-04,5,1725
T0896,YouTube,GZ_Campaign_4,INF015,U0047,Whey Isolate,2025-07-07,1,384
T0897,Twitter,GZ_Campaign_5,INF025,U0070,Omega3,2025-06-12,4,2124
T0898,YouTube,MB_Campaign_2,INF015,U0233,Whey Isolate,2025-06-06,2,1330
T0899,Instagram,HK_Campaign_3,INF003,U0355,HK Multivitamin,2025-06-30,1,293
T0900,Instagram,GZ_Campaign_4,INF004,U0325,Gritzo Shake,2025-06-04,1,736
T0901,YouTube,HK_Campaign_5,INF023,U0314,HK Multivitamin,2025-06-26,4,3052
T0902,Twitter,MB_Campaign_2,INF013,U0468,Gritzo Shake,2025-06-14,5,1765
T0903,TikTok,MB_Campaign_2,INF006,U0394,MB Protein,2025-06-28,4,2060
T0904,TikTok,GZ_Campaign_4,INF010,U0148,HK Multivitamin,2025-06-25,1,334
T0905,Twitter,MB_Campaign_5,INF007,U0392,Gritzo Shake,2025-06-26,1,669
T0906,Instagram,HK_Campaign_5,INF016,U0414,MB Protein,2025-07-02,5,3525
T0907,TikTok,MB_Campaign_5,INF008,U0338,Omega3,2025-06-23,4,2476
T0908,YouTube,MB_Campaign_5,INF015,U0308,MB Protein,2025-07-01,2,1520
T0909,YouTube,GZ_Campaign_5,INF009,U0420,HK Multivitamin,2025-06-11,1,389
T0910,Instagram,MB_Campaign_3,INF005,U0019,HK Multivitamin,2025-05-30,1,791
T0911,Twitter,GZ_Campaign_3,INF027,U0170,MB Protein,2025-06-25,1,311
T0912,YouTube,MB_Campaign_2,INF014,U0345,Gritzo Shake,2025-07-07,5,3930
T0913,TikTok,GZ_Campaign_2,INF026,U0495,Omega3,2025-07-04,5,2840
T0914,TikTok,MB_Campaign_1,INF030,U0394,Gritzo Shake,2025-05-25,3,1731
T0915,TikTok,HK_Campaign_1,INF029,U0389,Omega3,2025-07-22,5,1330
T0916,TikTok,HK_Campaign_2,INF010,U0063,Gritzo Shake,2025-07-19,3,2217
T0917,YouTube,GZ_Campaign_2,INF014,U0357,HK Multivitamin,2025-07-17,5,1295
T0918,Instagram,GZ_Campaign_5,INF004,U0045,Omega3,2025-06-16,5,2470
T0919,YouTube,GZ_Campaign_3,INF014,U0133,Whey Isolate,2025-06-08,5,2810
T0920,TikTok,MB_Campaign_5,INF030,U0289,Omega3,2025-07-14,5,3545
T0921,Instagram,MB_Campaign_5,INF016,U0120,Gritzo Shake,2025-06-17,2,402
T0922,Instagram,MB_Campaign_4,INF004,U0321,MB Protein,2025-06-04,2,1248
T0923,YouTube,MB_Campaign_3,INF014,U0180,Whey Isolate,2025-06-14,2,422
T0924,Twitter,MB_Campaign_3,INF021,U0131,MB Protein,2025-07-03,3,1521
T0925,Twitter,GZ_Campaign_3,INF017,U0393,MB Protein,2025-06-05,1,541
T0926,Twitter,HK_Campaign_5,INF011,U0316,MB Protein,2025-06-11,2,796
T0927,Twitter,HK_Campaign_4,INF011,U0470,Omega3,2025-06-02,1,339
T0928,Instagram,MB_Campaign_4,INF016,U0457,Whey Isolate,2025-06-10,3,2019
T0929,TikTok,HK_Campaign_1,INF026,U0428,Whey Isolate,2025-07-21,3,2334
T0930,Twitter,GZ_Campaign_3,INF024,U0285,Whey Isolate,2025-07-13,1,413
T0931,Instagram,GZ_Campaign_3,INF019,U0410,Gritzo Shake,2025-06-11,1,352
T0932,YouTube,MB_Campaign_3,INF009,U0193,Whey Isolate,2025-07-13,2,1568
T0933,YouTube,HK_Campaign_2,INF020,U0305,MB Protein,2025-07-04,3,1566
T0934,YouTube,MB_Campaign_3,INF023,U0212,MB Protein,2025-06-08,4,1772
T0935,Instagram,HK_Campaign_3,INF012,U0111,Whey Isolate,2025-07-19,3,1137
T0936,Instagram,HK_Campaign_1,INF004,U0399,HK Multivitamin,2025-05-31,1,654
T0937,Twitter,MB_Campaign_4,INF017,U0464,Whey Isolate,2025-06-26,2,788
T0938,Twitter,HK_Campaign_5,INF011,U0159,Gritzo Shake,2025-06-05,2,600
T0939,Twitter,GZ_Campaign_2,INF027,U0106,MB Protein,2025-06-26,4,2384
T0940,YouTube,GZ_Campaign_1,INF023,U0003,Gritzo Shake,2025-07-20,1,289
T0941,Twitter,HK_Campaign_1,INF011,U0053,Whey Isolate,2025-06-13,3,669
T0942,Instagram,HK_Campaign_2,INF019,U0165,HK Multivitamin,2025-06-16,2,986
T0943,YouTube,GZ_Campaign_3,INF009,U0396,Omega3,2025-07-01,1,479
T0944,Instagram,MB_Campaign_3,INF005,U0059,MB Protein,2025-07-22,5,3865
T0945,Twitter,MB_Campaign_2,INF017,U0278,Gritzo Shake,2025-06-17,5,2630
T0946,YouTube,MB_Campaign_3,INF009,U0294,HK Multivitamin,2025-07-12,2,544
T0947,TikTok,GZ_Campaign_3,INF010,U0277,Omega3,2025-07-15,1,333
T0948,Twitter,HK_Campaign_1,INF001,U0055,Omega3,2025-06-22,1,288
T0949,YouTube,HK_Campaign_2,INF014,U0361,Whey Isolate,2025-06-12,5,3280
T0950,YouTube,HK_Campaign_3,INF020,U0171,HK Multivitamin,2025-06-20,5,1400
T0951,TikTok,HK_Campaign_5,INF030,U0068,MB Protein,2025-05-29,4,1196
T0952,YouTube,HK_Campaign_4,INF015,U0241,HK Multivitamin,2025-06-09,2,694
T0953,Twitter,GZ_Campaign_3,INF028,U0468,Gritzo Shake,2025-05-30,4,1548
T0954,YouTube,GZ_Campaign_3,INF023,U0404,Gritzo Shake,2025-05-24,4,2796
T0955,Twitter,MB_Campaign_4,INF001,U0058,Gritzo Shake,2025-06-22,4,2688
T0956,Twitter,MB_Campaign_3,INF028,U0394,Gritzo Shake,2025-07-03,5,3940
T0957,Instagram,GZ_Campaign_1,INF005,U0208,MB Protein,2025-06-16,3,2307
T0958,Twitter,MB_Campaign_3,INF021,U0273,Omega3,2025-06-23,4,2492
T0959,TikTok,GZ_Campaign_2,INF008,U0281,HK Multivitamin,2025-07-15,4,2372
T0960,Instagram,HK_Campaign_2,INF003,U0417,Whey Isolate,2025-06-14,4,2580
T0961,Instagram,HK_Campaign_5,INF019,U0356,HK Multivitamin,2025-07-10,2,558
T0962,Twitter,GZ_Campaign_5,INF024,U0429,Omega3,2025-07-03,1,674
T0963,Twitter,GZ_Campaign_1,INF011,U0421,Omega3,2025-05-28,2,1030
T0964,Twitter,MB_Campaign_5,INF013,U0056,Whey Isolate,2025-06-01,4,2140
T0965,Instagram,GZ_Campaign_1,INF016,U0047,HK Multivitamin,2025-05-31,2,1588
T0966,TikTok,GZ_Campaign_1,INF029,U0388,HK Multivitamin,2025-06-21,2,1326
T0967,YouTube,HK_Campaign_4,INF018,U0316,Whey Isolate,2025-06-01,4,1600
T0968,Twitter,GZ_Campaign_3,INF007,U0154,Whey Isolate,2025-06-27,3,1935
T0969,YouTube,HK_Campaign_1,INF023,U0299,MB Protein,2025-06-26,5,3610
T0970,Twitter,MB_Campaign_3,INF013,U0032,Gritzo Shake,2025-05-31,5,1270
T0971,Twitter,GZ_Campaign_5,INF001,U0421,Gritzo Shake,2025-07-13,1,488
T0972,Twitter,MB_Campaign_2,INF028,U0222,Whey Isolate,2025-05-31,4,2100
T0973,YouTube,HK_Campaign_4,INF023,U0196,Omega3,2025-06-21,5,2080
T0974,YouTube,MB_Campaign_4,INF022,U0072,HK Multivitamin,2025-06-23,5,2965
T0975,Twitter,HK_Campaign_4,INF027,U0079,Gritzo Shake,2025-07-19,2,674
T0976,Twitter,MB_Campaign_1,INF001,U0074,Omega3,2025-05-24,4,1356
T0977,Instagram,MB_Campaign_4,INF003,U0441,Omega3,2025-06-24,5,3175
T0978,YouTube,MB_Campaign_4,INF020,U0261,Omega3,2025-07-11,5,3300
T0979,Twitter,HK_Campaign_2,INF013,U0096,Omega3,2025-06-03,5,1035
T0980,Instagram,HK_Campaign_2,INF019,U0365,Whey Isolate,2025-07-07,3,1860
T0981,TikTok,GZ_Campaign_5,INF030,U0188,MB Protein,2025-06-08,1,781
T0982,Instagram,GZ_Campaign_3,INF016,U0058,Whey Isolate,2025-07-04,4,1124
T0983,Instagram,GZ_Campaign_5,INF005,U0440,Gritzo Shake,2025-07-08,4,2916
T0984,Instagram,GZ_Campaign_5,INF003,U0046,HK Multivitamin,2025-06-02,4,1116
T0985,YouTube,GZ_Campaign_5,INF022,U0409,Whey Isolate,2025-06-16,3,762
T0986,TikTok,HK_Campaign_5,INF029,U0399,MB Protein,2025-07-06,4,2656
T0987,Twitter,HK_Campaign_5,INF017,U0376,Gritzo Shake,2025-05-29,4,2244
T0988,TikTok,HK_Campaign_3,INF026,U0086,MB Protein,2025-07-08,5,2555
T0989,Twitter,GZ_Campaign_3,INF024,U0032,Omega3,2025-06-07,5,1865
T0990,Instagram,MB_Campaign_3,INF019,U0415,Whey Isolate,2025-06-19,1,493
T0991,Instagram,MB_Campaign_2,INF016,U0259,MB Protein,2025-07-05,3,1374
T0992,Instagram,GZ_Campaign_3,INF005,U0141,Gritzo Shake,2025-07-07,1,314
T0993,YouTube,MB_Campaign_5,INF020,U0379,HK Multivitamin,2025-05-28,4,2312
T0994,TikTok,MB_Campaign_3,INF026,U0401,HK Multivitamin,2025-06-05,4,1540
T0995,TikTok,GZ_Campaign_1,INF026,U0176,MB Protein,2025-07-12,2,714
T0996,Twitter,HK_Campaign_4,INF027,U0395,Omega3,2025-07-06,2,1300
T0997,Twitter,GZ_Campaign_2,INF024,U0108,Whey Isolate,2025-06-16,3,765
T0998,Twitter,HK_Campaign_1,INF021,U0027,HK Multivitamin,2025-06-16,4,2432
T0999,Instagram,HK_Campaign_4,INF016,U0383,Whey Isolate,2025-07-14,2,1176
T1000,YouTube,GZ_Campaign_4,INF022,U0243,Gritzo Shake,2025-07-14,2,1486
